Workbook

Sheet GVA Eurostat
A1: Data extracted on 06/11/2025 13:39:26 from [ESTAT]
A2: Dataset: | B2: Gross domestic product (GDP) and main components (output, expenditure and income) [namq_10_gdp__custom_18779096]
A3: Last updated: | B3: 31/10/2025 23:00
A5: Time frequency | C5: Quarterly
A6: Unit of measure | C6: Chain linked volumes (2020), million units of national currency
A7: Seasonal adjustment | C7: Unadjusted data (i.e. neither seasonally adjusted nor calendar adjusted data)
A8: National accounts indicator (ESA 2010) | C8: Value added, gross
A10: TIME | B10: 1975-Q1 | D10: 1975-Q2 | F10: 1975-Q3 | H10: 1975-Q4 | J10: 1976-Q1 | L10: 1976-Q2 | N10: 1976-Q3 | P10: 1976-Q4 | R10: 1977-Q1 | T10: 1977-Q2 | V10: 1977-Q3 | X10: 1977-Q4 | Z10: 1978-Q1 | AB10: 1978-Q2 | AD10: 1978-Q3 | AF10: 1978-Q4 | AH10: 1979-Q1 | AJ10: 1979-Q2 | AL10: 1979-Q3 | AN10: 1979-Q4 | AP10: 1980-Q1 | AR10: 1980-Q2 | AT10: 1980-Q3 | AV10: 1980-Q4 | AX10: 1981-Q1 | AZ10: 1981-Q2 | BB10: 1981-Q3 | BD10: 1981-Q4 | BF10: 1982-Q1 | BH10: 1982-Q2 | BJ10: 1982-Q3 | BL10: 1982-Q4 | BN10: 1983-Q1 | BP10: 1983-Q2 | BR10: 1983-Q3 | BT10: 1983-Q4 | BV10: 1984-Q1 | BX10: 1984-Q2 | BZ10: 1984-Q3 | CB10: 1984-Q4 | CD10: 1985-Q1 | CF10: 1985-Q2 | CH10: 1985-Q3 | CJ10: 1985-Q4 | CL10: 1986-Q1 | CN10: 1986-Q2 | CP10: 1986-Q3 | CR10: 1986-Q4 | CT10: 1987-Q1 | CV10: 1987-Q2 | CX10: 1987-Q3 | CZ10: 1987-Q4 | DB10: 1988-Q1 | DD10: 1988-Q2 | DF10: 1988-Q3 | DH10: 1988-Q4 | DJ10: 1989-Q1 | DL10: 1989-Q2 | DN10: 1989-Q3 | DP10: 1989-Q4 | DR10: 1990-Q1 | DT10: 1990-Q2 | DV10: 1990-Q3 | DX10: 1990-Q4 | DZ10: 1991-Q1 | EB10: 1991-Q2 | ED10: 1991-Q3 | EF10: 1991-Q4 | EH10: 1992-Q1 | EJ10: 1992-Q2 | EL10: 1992-Q3 | EN10: 1992-Q4 | EP10: 1993-Q1 | ER10: 1993-Q2 | ET10: 1993-Q3 | EV10: 1993-Q4 | EX10: 1994-Q1 | EZ10: 1994-Q2 | FB10: 1994-Q3 | FD10: 1994-Q4 | FF10: 1995-Q1 | FH10: 1995-Q2 | FJ10: 1995-Q3 | FL10: 1995-Q4 | FN10: 1996-Q1 | FP10: 1996-Q2 | FR10: 1996-Q3 | FT10: 1996-Q4 | FV10: 1997-Q1 | FX10: 1997-Q2 | FZ10: 1997-Q3 | GB10: 1997-Q4 | GD10: 1998-Q1 | GF10: 1998-Q2 | GH10: 1998-Q3 | GJ10: 1998-Q4 | GL10: 1999-Q1 | GN10: 1999-Q2 | GP10: 1999-Q3 | GR10: 1999-Q4 | GT10: 2000-Q1 | GV10: 2000-Q2 | GX10: 2000-Q3 | GZ10: 2000-Q4 | HB10: 2001-Q1 | HD10: 2001-Q2 | HF10: 2001-Q3 | HH10: 2001-Q4 | HJ10: 2002-Q1 | HL10: 2002-Q2 | HN10: 2002-Q3 | HP10: 2002-Q4 | HR10: 2003-Q1 | HT10: 2003-Q2 | HV10: 2003-Q3 | HX10: 2003-Q4 | HZ10: 2004-Q1 | IB10: 2004-Q2 | ID10: 2004-Q3 | IF10: 2004-Q4 | IH10: 2005-Q1 | IJ10: 2005-Q2 | IL10: 2005-Q3 | IN10: 2005-Q4 | IP10: 2006-Q1 | IR10: 2006-Q2 | IT10: 2006-Q3 | IV10: 2006-Q4 | IX10: 2007-Q1 | IZ10: 2007-Q2 | JB10: 2007-Q3 | JD10: 2007-Q4 | JF10: 2008-Q1 | JH10: 2008-Q2 | JJ10: 2008-Q3 | JL10: 2008-Q4 | JN10: 2009-Q1 | JP10: 2009-Q2 | JR10: 2009-Q3 | JT10: 2009-Q4 | JV10: 2010-Q1 | JX10: 2010-Q2 | JZ10: 2010-Q3 | KB10: 2010-Q4 | KD10: 2011-Q1 | KF10: 2011-Q2 | KH10: 2011-Q3 | KJ10: 2011-Q4 | KL10: 2012-Q1 | KN10: 2012-Q2 | KP10: 2012-Q3 | KR10: 2012-Q4 | KT10: 2013-Q1 | KV10: 2013-Q2 | KX10: 2013-Q3 | KZ10: 2013-Q4 | LB10: 2014-Q1 | LD10: 2014-Q2 | LF10: 2014-Q3 | LH10: 2014-Q4 | LJ10: 2015-Q1 | LL10: 2015-Q2 | LN10: 2015-Q3 | LP10: 2015-Q4 | LR10: 2016-Q1 | LT10: 2016-Q2 | LV10: 2016-Q3 | LX10: 2016-Q4 | LZ10: 2017-Q1 | MB10: 2017-Q2 | MD10: 2017-Q3 | MF10: 2017-Q4 | MH10: 2018-Q1 | MJ10: 2018-Q2 | ML10: 2018-Q3 | MN10: 2018-Q4 | MP10: 2019-Q1 | MR10: 2019-Q2 | MT10: 2019-Q3 | MV10: 2019-Q4 | MX10: 2020-Q1 | MZ10: 2020-Q2 | NB10: 2020-Q3 | ND10: 2020-Q4 | NF10: 2021-Q1 | NH10: 2021-Q2 | NJ10: 2021-Q3 | NL10: 2021-Q4 | NN10: 2022-Q1 | NP10: 2022-Q2 | NR10: 2022-Q3 | NT10: 2022-Q4 | NV10: 2023-Q1 | NX10: 2023-Q2 | NZ10: 2023-Q3 | OB10: 2023-Q4 | OD10: 2024-Q1 | OF10: 2024-Q2 | OH10: 2024-Q3 | OJ10: 2024-Q4 | OL10: 2025-Q1 | ON10: 2025-Q2 | OP10: 2025-Q3
A11: GEO (Labels)
A12: Belgium | B12: : | D12: : | F12: : | H12: : | J12: : | L12: : | N12: : | P12: : | R12: : | T12: : | V12: : | X12: : | Z12: : | AB12: : | AD12: : | AF12: : | AH12: : | AJ12: : | AL12: : | AN12: : | AP12: : | AR12: : | AT12: : | AV12: : | AX12: : | AZ12: : | BB12: : | BD12: : | BF12: : | BH12: : | BJ12: : | BL12: : | BN12: : | BP12: : | BR12: : | BT12: : | BV12: : | BX12: : | BZ12: : | CB12: : | CD12: : | CF12: : | CH12: : | CJ12: : | CL12: : | CN12: : | CP12: : | CR12: : | CT12: : | CV12: : | CX12: : | CZ12: : | DB12: : | DD12: : | DF12: : | DH12: : | DJ12: : | DL12: : | DN12: : | DP12: : | DR12: : | DT12: : | DV12: : | DX12: : | DZ12: : | EB12: : | ED12: : | EF12: : | EH12: : | EJ12: : | EL12: : | EN12: : | EP12: : | ER12: : | ET12: : | EV12: : | EX12: : | EZ12: : | FB12: : | FD12: : | FF12: 68971.2 | FH12: 71483.1 | FJ12: 69051.6 | FL12: 73071.7 | FN12: 69675.5 | FP12: 72153 | FR12: 69560.6 | FT12: 73777.8 | FV12: 71823.1 | FX12: 74803.5 | FZ12: 72389.6 | GB12: 76550.6 | GD12: 74121.5 | GF12: 76163.4 | GH12: 73432.5 | GJ12: 77368.9 | GL12: 75341.3 | GN12: 78225.2 | GP12: 76265.3 | GR12: 81270.4 | GT12: 78583.2 | GV12: 81311.6 | GX12: 78513.9 | GZ12: 83850 | HB12: 80449.3 | HD12: 82918.2 | HF12: 79565.1 | HH12: 84225.3 | HJ12: 80916 | HL12: 84191.3 | HN12: 81065.2 | HP12: 86327.8 | HR12: 82129.4 | HT12: 84845.9 | HV12: 81836 | HX12: 87393.3 | HZ12: 84258.4 | IB12: 87641.1 | ID12: 84625.1 | IF12: 90344 | IH12: 86414.9 | IJ12: 89912.8 | IL12: 86491.5 | IN12: 92533.7 | IP12: 88623.4 | IR12: 91831.4 | IT12: 88517 | IV12: 95088 | IX12: 91865.2 | IZ12: 95385.5 | JB12: 92041.6 | JD12: 98344.1 | JF12: 93920.7 | JH12: 97402.4 | JJ12: 92681.2 | JL12: 96607.9 | JN12: 89876.9 | JO12: b | JP12: 93818.6 | JR12: 89817.5 | JT12: 100074.4 | JV12: 92244.6 | JX12: 96961.6 | JZ12: 92082.6 | KB12: 102503.5 | KD12: 94877.4 | KF12: 99321.7 | KH12: 94120.4 | KJ12: 104123.4 | KL12: 95469.5 | KN12: 99571.9 | KP12: 94287.1 | KR12: 103911.6 | KT12: 94876.3 | KV12: 99927.4 | KX12: 94603.8 | KZ12: 104744.4 | LB12: 96863.6 | LD12: 101691.8 | LF12: 96425.3 | LH12: 106613 | LJ12: 98761.8 | LL12: 103783.4 | LN12: 97650.8 | LP12: 107604.3 | LR12: 99695.7 | LT12: 104695.2 | LV12: 98372.7 | LX12: 108580.7 | LZ12: 101375.8 | MB12: 106065.9 | MD12: 99324.8 | MF12: 110446.7 | MH12: 102858.8 | MJ12: 107964.1 | ML12: 101457.1 | MN12: 112951.9 | MP12: 105452.9 | MR12: 110792.9 | MT12: 104472.7 | MV12: 115618.5 | MX12: 105521 | MZ12: 98401.4 | NB12: 101712.8 | ND12: 112359.7 | NF12: 105829.2 | NH12: 111783.4 | NJ12: 105732.1 | NL12: 118448.5 | NN12: 110843.3 | NP12: 117350.8 | NR12: 110150 | NT12: 122338 | NV12: 114004.1 | NX12: 119521.8 | NZ12: 111748.3 | OB12: 123634.4 | OD12: 115399.9 | OE12: p | OF12: 120712.1 | OG12: p | OH12: 112759.2 | OI12: p | OJ12: 124547.1 | OK12: p | OL12: 116249.5 | OM12: p | ON12: 121829.1 | OO12: p | OP12: :
A13: Bulgaria | B13: : | D13: : | F13: : | H13: : | J13: : | L13: : | N13: : | P13: : | R13: : | T13: : | V13: : | X13: : | Z13: : | AB13: : | AD13: : | AF13: : | AH13: : | AJ13: : | AL13: : | AN13: : | AP13: : | AR13: : | AT13: : | AV13: : | AX13: : | AZ13: : | BB13: : | BD13: : | BF13: : | BH13: : | BJ13: : | BL13: : | BN13: : | BP13: : | BR13: : | BT13: : | BV13: : | BX13: : | BZ13: : | CB13: : | CD13: : | CF13: : | CH13: : | CJ13: : | CL13: : | CN13: : | CP13: : | CR13: : | CT13: : | CV13: : | CX13: : | CZ13: : | DB13: : | DD13: : | DF13: : | DH13: : | DJ13: : | DL13: : | DN13: : | DP13: : | DR13: : | DT13: : | DV13: : | DX13: : | DZ13: : | EB13: : | ED13: : | EF13: : | EH13: : | EJ13: : | EL13: : | EN13: : | EP13: : | ER13: : | ET13: : | EV13: : | EX13: : | EZ13: : | FB13: : | FD13: : | FF13: : | FH13: : | FJ13: : | FL13: : | FN13: 15405.7 | FP13: 16425.8 | FR13: 19538.4 | FT13: 19038.7 | FV13: 13106.8 | FX13: 13692.2 | FZ13: 16881.7 | GB13: 16078.3 | GD13: 13798.2 | GF13: 13427 | GH13: 17281.8 | GJ13: 16367.4 | GL13: 12247.1 | GN13: 12321.5 | GP13: 15550.2 | GR13: 15323.6 | GT13: 12280.2 | GV13: 13235.8 | GX13: 16008.8 | GZ13: 16106.9 | HB13: 12760.7 | HD13: 13694 | HF13: 16665.8 | HH13: 16858.2 | HJ13: 13574.6 | HL13: 14806 | HN13: 18123.8 | HP13: 18032.2 | HR13: 14175 | HT13: 15414.6 | HV13: 18622.4 | HX13: 19006.2 | HZ13: 14683.8 | IB13: 16173.5 | ID13: 19803.2 | IF13: 19836.2 | IH13: 15829.8 | IJ13: 17398.6 | IL13: 20708.1 | IN13: 21111 | IP13: 16858.2 | IR13: 18564.6 | IT13: 22108.2 | IV13: 22878 | IX13: 18005.6 | IZ13: 20263.9 | JB13: 23039.8 | JD13: 24365.3 | JF13: 19477.9 | JH13: 21641.5 | JJ13: 24814.2 | JL13: 25011.2 | JN13: 19458.6 | JP13: 21849 | JR13: 24683 | JT13: 24173.3 | JV13: 19165.6 | JX13: 22480.6 | JZ13: 24839.2 | KB13: 25328.4 | KD13: 19281.3 | KF13: 23574.9 | KH13: 25443.9 | KJ13: 25258.8 | KL13: 19364.2 | KN13: 23352.9 | KP13: 25548.7 | KR13: 25529.8 | KT13: 18747.9 | KV13: 22618.1 | KX13: 25271.6 | KZ13: 25612.3 | LB13: 18757.3 | LD13: 22776.2 | LF13: 25288.5 | LH13: 26314.8 | LJ13: 19394.1 | LL13: 23435.2 | LN13: 26377.7 | LP13: 26670.9 | LR13: 19925.5 | LT13: 24004.1 | LV13: 26933.9 | LX13: 27485.1 | LZ13: 20794.7 | MB13: 24793 | MD13: 27677.5 | MF13: 28310.3 | MH13: 21445 | MJ13: 25708.1 | ML13: 28404.6 | MN13: 29133.2 | MP13: 22189.3 | MR13: 26545.2 | MT13: 29429.8 | MV13: 30128.5 | MX13: 22159 | MZ13: 24732.1 | NB13: 28965.8 | ND13: 29147.7 | NF13: 22896.5 | NH13: 26154.7 | NJ13: 31673 | NL13: 32881.3 | NN13: 24317.2 | NP13: 27815.5 | NR13: 33317.1 | NT13: 34420.7 | NV13: 24752.7 | NX13: 28164.5 | NZ13: 33455.8 | OB13: 34735.5 | OD13: 25134.7 | OF13: 28980.3 | OH13: 34415.4 | OJ13: 35954.4 | OL13: 25735.4 | OM13: p | ON13: 29787.8 | OO13: p | OP13: :
A14: Czechia | B14: : | D14: : | F14: : | H14: : | J14: : | L14: : | N14: : | P14: : | R14: : | T14: : | V14: : | X14: : | Z14: : | AB14: : | AD14: : | AF14: : | AH14: : | AJ14: : | AL14: : | AN14: : | AP14: : | AR14: : | AT14: : | AV14: : | AX14: : | AZ14: : | BB14: : | BD14: : | BF14: : | BH14: : | BJ14: : | BL14: : | BN14: : | BP14: : | BR14: : | BT14: : | BV14: : | BX14: : | BZ14: : | CB14: : | CD14: : | CF14: : | CH14: : | CJ14: : | CL14: : | CN14: : | CP14: : | CR14: : | CT14: : | CV14: : | CX14: : | CZ14: : | DB14: : | DD14: : | DF14: : | DH14: : | DJ14: : | DL14: : | DN14: : | DP14: : | DR14: : | DT14: : | DV14: : | DX14: : | DZ14: : | EB14: : | ED14: : | EF14: : | EH14: : | EJ14: : | EL14: : | EN14: : | EP14: : | ER14: : | ET14: : | EV14: : | EX14: : | EZ14: : | FB14: : | FD14: : | FF14: 711003 | FH14: 759153 | FJ14: 779096 | FL14: 787036 | FN14: 737903 | FP14: 795808 | FR14: 809290 | FT14: 808989 | FV14: 736425 | FX14: 790297 | FZ14: 795117 | GB14: 788894 | GD14: 726666 | GF14: 782307 | GH14: 794015 | GJ14: 796222 | GL14: 730558 | GN14: 789347 | GP14: 803074 | GR14: 820311 | GT14: 766717 | GV14: 821826 | GX14: 840091 | GZ14: 849259 | HB14: 794732 | HD14: 846621 | HF14: 857673 | HH14: 875173 | HJ14: 805080 | HL14: 862848 | HN14: 881225 | HP14: 891109 | HR14: 823103 | HT14: 883563 | HV14: 907793 | HX14: 917624 | HZ14: 858375 | IB14: 925850 | ID14: 941295 | IF14: 975008 | IH14: 904709 | IJ14: 989021 | IL14: 1003495 | IN14: 1044962 | IP14: 975717 | IR14: 1058804 | IT14: 1074269 | IV14: 1114063 | IX14: 1035209 | IZ14: 1110642 | JB14: 1124193 | JD14: 1172312 | JF14: 1085731 | JH14: 1162909 | JJ14: 1180360 | JL14: 1168497 | JN14: 1029469 | JP14: 1090629 | JR14: 1106311 | JT14: 1121096 | JV14: 1039846 | JX14: 1132682 | JZ14: 1146330 | KB14: 1172652 | KD14: 1074922 | KF14: 1160454 | KH14: 1159820 | KJ14: 1175777 | KL14: 1087172 | KN14: 1145527 | KP14: 1140031 | KR14: 1160669 | KT14: 1069666 | KV14: 1144863 | KX14: 1152594 | KZ14: 1165748 | LB14: 1091663 | LD14: 1174384 | LF14: 1193148 | LH14: 1202134 | LJ14: 1136654 | LL14: 1225790 | LN14: 1245062 | LP14: 1256588 | LR14: 1168440 | LT14: 1265513 | LV14: 1266132 | LX14: 1287860 | LZ14: 1223434 | MB14: 1327903 | MD14: 1338890 | MF14: 1357412 | MH14: 1270362 | MJ14: 1363628 | ML14: 1369912 | MN14: 1399703 | MP14: 1315048 | MR14: 1410533 | MT14: 1430885 | MV14: 1441645 | MX14: 1304336 | MZ14: 1261910 | NB14: 1366778 | ND14: 1382342 | NF14: 1284529 | NH14: 1394162 | NJ14: 1412227 | NL14: 1433306 | NN14: 1343910 | NP14: 1445755 | NR14: 1441268 | NT14: 1453691 | NV14: 1368749 | NX14: 1447369 | NZ14: 1442507 | OB14: 1457886 | OD14: 1353709 | OF14: 1450642 | OH14: 1468106 | OJ14: 1477936 | OL14: 1389845 | ON14: 1487054 | OP14: :
A15: Denmark | B15: : | D15: : | F15: : | H15: : | J15: : | L15: : | N15: : | P15: : | R15: : | T15: : | V15: : | X15: : | Z15: : | AB15: : | AD15: : | AF15: : | AH15: : | AJ15: : | AL15: : | AN15: : | AP15: : | AR15: : | AT15: : | AV15: : | AX15: : | AZ15: : | BB15: : | BD15: : | BF15: : | BH15: : | BJ15: : | BL15: : | BN15: : | BP15: : | BR15: : | BT15: : | BV15: : | BX15: : | BZ15: : | CB15: : | CD15: : | CF15: : | CH15: : | CJ15: : | CL15: : | CN15: : | CP15: : | CR15: : | CT15: : | CV15: : | CX15: : | CZ15: : | DB15: : | DD15: : | DF15: : | DH15: : | DJ15: : | DL15: : | DN15: : | DP15: : | DR15: : | DT15: : | DV15: : | DX15: : | DZ15: : | EB15: : | ED15: : | EF15: : | EH15: : | EJ15: : | EL15: : | EN15: : | EP15: : | ER15: : | ET15: : | EV15: : | EX15: : | EZ15: : | FB15: : | FD15: : | FF15: 353844.7 | FH15: 358393.9 | FJ15: 346778.9 | FL15: 366831.3 | FN15: 353866.5 | FP15: 370397.6 | FR15: 359740.4 | FT15: 377802.5 | FV15: 364651.3 | FX15: 384399.1 | FZ15: 370761.3 | GB15: 387621.3 | GD15: 377522.2 | GF15: 380656.4 | GH15: 379471.5 | GJ15: 399428.4 | GL15: 383320.8 | GN15: 397641.7 | GP15: 391278.3 | GR15: 415895.4 | GT15: 399961.2 | GV15: 414226.1 | GX15: 410612.4 | GZ15: 436830.7 | HB15: 407136.4 | HD15: 418022.4 | HF15: 415993.7 | HH15: 436875.8 | HJ15: 405722.2 | HL15: 425707.3 | HN15: 417811.4 | HP15: 433948.9 | HR15: 412452.5 | HT15: 421601.4 | HV15: 414946.3 | HX15: 441761.9 | HZ15: 417423.7 | IB15: 434313.9 | ID15: 426221.2 | IF15: 448105.1 | IH15: 416862.4 | IJ15: 447699 | IL15: 435281.8 | IN15: 454716.2 | IP15: 435036.5 | IR15: 463605.4 | IT15: 453107.9 | IV15: 468523.4 | IX15: 444187.2 | IZ15: 453461.8 | JB15: 456135.2 | JD15: 477498.5 | JF15: 448805.8 | JH15: 465926.2 | JJ15: 456685.1 | JL15: 463137.4 | JN15: 432527.1 | JP15: 436456 | JR15: 434109.3 | JT15: 447925.2 | JV15: 427705.9 | JX15: 446076.9 | JZ15: 446793.3 | KB15: 456977 | KD15: 440127.5 | KF15: 455865.8 | KH15: 445965.8 | KJ15: 461453.7 | KL15: 440824.8 | KN15: 452688.6 | KP15: 449236.5 | KR15: 460626.5 | KT15: 441457.3 | KV15: 461768.7 | KX15: 457375.6 | KZ15: 468747.4 | LB15: 449120.7 | LD15: 461949.2 | LF15: 463707.6 | LH15: 475270.7 | LJ15: 456699.2 | LL15: 476869.6 | LN15: 468924.1 | LP15: 483705.7 | LR15: 463536 | LT15: 491331.3 | LV15: 485217.8 | LX15: 502332.4 | LZ15: 483522 | MB15: 507867.8 | MD15: 497423.1 | MF15: 515995.4 | MH15: 491097.2 | MJ15: 515979.5 | ML15: 506018.9 | MN15: 523011.2 | MP15: 497715.4 | MR15: 524453.9 | MT15: 515915.3 | MV15: 532271 | MX15: 503009.8 | MZ15: 486342.1 | NB15: 504245.2 | ND15: 527723.3 | NF15: 500012 | NH15: 537549 | NJ15: 536538 | NL15: 584536.8 | NN15: 519952.8 | NP15: 549697.1 | NR15: 547010 | NT15: 571560.6 | NV15: 538550.9 | NX15: 552622.8 | NZ15: 542068.1 | OB15: 586557.2 | OD15: 546013.3 | OF15: 579431.4 | OH15: 567261.9 | OJ15: 611941.2 | OL15: 563190.3 | ON15: 586182 | OP15: :
A16: Germany | B16: : | D16: : | F16: : | H16: : | J16: : | L16: : | N16: : | P16: : | R16: : | T16: : | V16: : | X16: : | Z16: : | AB16: : | AD16: : | AF16: : | AH16: : | AJ16: : | AL16: : | AN16: : | AP16: : | AR16: : | AT16: : | AV16: : | AX16: : | AZ16: : | BB16: : | BD16: : | BF16: : | BH16: : | BJ16: : | BL16: : | BN16: : | BP16: : | BR16: : | BT16: : | BV16: : | BX16: : | BZ16: : | CB16: : | CD16: : | CF16: : | CH16: : | CJ16: : | CL16: : | CN16: : | CP16: : | CR16: : | CT16: : | CV16: : | CX16: : | CZ16: : | DB16: : | DD16: : | DF16: : | DH16: : | DJ16: : | DL16: : | DN16: : | DP16: : | DR16: : | DT16: : | DV16: : | DX16: : | DZ16: 530814.1 | EB16: 536936.8 | ED16: 543524.5 | EF16: 554684.9 | EH16: 546004.6 | EJ16: 545772.1 | EL16: 556157.4 | EN16: 562125.1 | EP16: 532441.7 | ER16: 540501.9 | ET16: 551429.8 | EV16: 559335 | EX16: 540656.9 | EZ16: 551894.8 | FB16: 563985.2 | FD16: 576075.5 | FF16: 555924.9 | FH16: 561970.1 | FJ16: 572510.4 | FL16: 582663.2 | FN16: 554219.8 | FP16: 566387.7 | FR16: 579563.1 | FT16: 591266 | FV16: 558482.5 | FX16: 583050.7 | FZ16: 593126.1 | GB16: 604208.9 | GD16: 584910.8 | GF16: 587158.4 | GH16: 604828.9 | GJ16: 614516.7 | GL16: 592041 | GN16: 598163.7 | GP16: 618081.8 | GR16: 629009.7 | GT16: 617849.3 | GV16: 620949.4 | GX16: 635054.9 | GZ16: 639240 | HB16: 634124.8 | HD16: 632032.3 | HF16: 645672.7 | HH16: 650477.9 | HJ16: 623817 | HL16: 635829.9 | HN16: 651175.4 | HP16: 652880.4 | HR16: 621414.4 | HT16: 626917.1 | HV16: 649857.8 | HX16: 651795.4 | HZ16: 632807.3 | IB16: 644510.2 | ID16: 652802.9 | IF16: 660010.7 | IH16: 631644.8 | IJ16: 652105.4 | IL16: 660243.2 | IN16: 668923.4 | IP16: 658693.1 | IR16: 669931 | IT16: 685664 | IV16: 701862 | IX16: 687136.5 | IZ16: 693646.7 | JB16: 706512.1 | JD16: 719765 | JF16: 701164.4 | JH16: 715347.4 | JJ16: 713719.8 | JL16: 703722 | JN16: 650167.8 | JP16: 653035.4 | JR16: 670551 | JT16: 683881.4 | JV16: 672333.5 | JX16: 686671.5 | JZ16: 703567 | KB16: 717129.9 | KD16: 710542.2 | KF16: 713564.8 | KH16: 727282.8 | KJ16: 732552.9 | KL16: 723097.6 | KN16: 716432.4 | KP16: 727127.8 | KR16: 731855.4 | KT16: 711084.8 | KV16: 722477.6 | KX16: 736428 | KZ16: 742008.2 | LB16: 735730.5 | LD16: 731932.9 | LF16: 750301 | LH16: 759368.8 | LJ16: 741930.7 | LL16: 744023.3 | LN16: 761073.8 | LP16: 773241.7 | LR16: 757431.2 | LT16: 771691.7 | LV16: 774946.8 | LX16: 785642.1 | LZ16: 785564.6 | MB16: 781922 | MD16: 799127.5 | MF16: 812845.4 | MH16: 799282.5 | MJ16: 799980 | ML16: 801685.1 | MN16: 817185.6 | MP16: 806722.7 | MR16: 798740 | MT16: 815635.5 | MV16: 818968.1 | MX16: 797655 | MZ16: 709767.2 | NB16: 786572.1 | ND16: 806102.7 | NF16: 785642.1 | NH16: 792927.3 | NJ16: 815480.5 | NL16: 832143.5 | NN16: 822688.2 | NO16: p | NP16: 810365.4 | NQ16: p | NR16: 827338.4 | NS16: p | NT16: 835553.6 | NU16: p | NV16: 826563.4 | NW16: p | NX16: 801917.6 | NY16: p | NZ16: 815790.5 | OA16: p | OB16: 834158.6 | OC16: p | OD16: 818038.1 | OE16: p | OF16: 806025.2 | OG16: p | OH16: 815945.5 | OI16: p | OJ16: 819510.6 | OK16: p | OL16: 813388 | OM16: p | ON16: 800290 | OO16: p | OP16: :
A17: Estonia | B17: : | D17: : | F17: : | H17: : | J17: : | L17: : | N17: : | P17: : | R17: : | T17: : | V17: : | X17: : | Z17: : | AB17: : | AD17: : | AF17: : | AH17: : | AJ17: : | AL17: : | AN17: : | AP17: : | AR17: : | AT17: : | AV17: : | AX17: : | AZ17: : | BB17: : | BD17: : | BF17: : | BH17: : | BJ17: : | BL17: : | BN17: : | BP17: : | BR17: : | BT17: : | BV17: : | BX17: : | BZ17: : | CB17: : | CD17: : | CF17: : | CH17: : | CJ17: : | CL17: : | CN17: : | CP17: : | CR17: : | CT17: : | CV17: : | CX17: : | CZ17: : | DB17: : | DD17: : | DF17: : | DH17: : | DJ17: : | DL17: : | DN17: : | DP17: : | DR17: : | DT17: : | DV17: : | DX17: : | DZ17: : | EB17: : | ED17: : | EF17: : | EH17: : | EJ17: : | EL17: : | EN17: : | EP17: : | ER17: : | ET17: : | EV17: : | EX17: : | EZ17: : | FB17: : | FD17: : | FF17: 2159.1 | FH17: 2406 | FJ17: 2340.6 | FL17: 2454.4 | FN17: 2238.8 | FP17: 2498.7 | FR17: 2470.9 | FT17: 2611.5 | FV17: 2438.7 | FX17: 2808.3 | FZ17: 2786.3 | GB17: 2964.2 | GD17: 2758.4 | GF17: 3033.2 | GH17: 2941.1 | GJ17: 2974.6 | GL17: 2753 | GN17: 3024.1 | GP17: 2879.2 | GR17: 3058.8 | GT17: 2941.8 | GV17: 3338.9 | GX17: 3137.3 | GZ17: 3380.8 | HB17: 3134.6 | HD17: 3470.5 | HF17: 3347.5 | HH17: 3551.3 | HJ17: 3205.5 | HL17: 3743.7 | HN17: 3636.3 | HP17: 3810.3 | HR17: 3532.5 | HT17: 3937.5 | HV17: 3865.5 | HX17: 4165.9 | HZ17: 3787.6 | IB17: 4186.4 | ID17: 4140.8 | IF17: 4356.5 | IH17: 4119.2 | IJ17: 4536 | IL17: 4544.4 | IN17: 4842.6 | IP17: 4506.5 | IR17: 4960.6 | IT17: 4972.9 | IV17: 5278.7 | IX17: 4901.3 | IZ17: 5423.2 | JB17: 5318.1 | JD17: 5461.7 | JF17: 4777.7 | JH17: 5387.3 | JJ17: 5314.5 | JL17: 4990.7 | JN17: 4207.5 | JP17: 4446.4 | JR17: 4244.8 | JT17: 4446.2 | JV17: 4156.2 | JX17: 4582 | JZ17: 4499.3 | KB17: 4739.2 | KD17: 4565.1 | KF17: 4968.3 | KH17: 4910 | KJ17: 4955.9 | KL17: 4673.3 | KN17: 5115.3 | KP17: 5059.5 | KR17: 5166.3 | KT17: 4906.8 | KV17: 5211.1 | KX17: 5127 | KZ17: 5118.9 | LB17: 4906.6 | LD17: 5333.7 | LF17: 5295.6 | LH17: 5477.5 | LJ17: 4931.4 | LL17: 5467.1 | LN17: 5426.8 | LP17: 5525.7 | LR17: 5188.9 | LT17: 5556.7 | LV17: 5512 | LX17: 5693.4 | LZ17: 5467.3 | MB17: 5961.1 | MD17: 5800.9 | MF17: 6148.6 | MH17: 5646.2 | MJ17: 6147.9 | ML17: 6082.8 | MN17: 6458.3 | MP17: 5861.2 | MR17: 6312.1 | MT17: 6341 | MV17: 6583.8 | MX17: 5950.7 | MZ17: 5780 | NB17: 6169 | ND17: 6520.2 | NF17: 6185.8 | NH17: 6562.4 | NJ17: 6613.4 | NL17: 6977.5 | NN17: 6372.4 | NP17: 6492.1 | NR17: 6588.4 | NT17: 6685.8 | NV17: 6075 | NX17: 6325.8 | NZ17: 6397.8 | OB17: 6562.6 | OD17: 6000.7 | OF17: 6352 | OH17: 6315.6 | OJ17: 6484 | OL17: 5964.4 | ON17: 6371.1 | OP17: :
A18: Ireland | B18: : | D18: : | F18: : | H18: : | J18: : | L18: : | N18: : | P18: : | R18: : | T18: : | V18: : | X18: : | Z18: : | AB18: : | AD18: : | AF18: : | AH18: : | AJ18: : | AL18: : | AN18: : | AP18: : | AR18: : | AT18: : | AV18: : | AX18: : | AZ18: : | BB18: : | BD18: : | BF18: : | BH18: : | BJ18: : | BL18: : | BN18: : | BP18: : | BR18: : | BT18: : | BV18: : | BX18: : | BZ18: : | CB18: : | CD18: : | CF18: : | CH18: : | CJ18: : | CL18: : | CN18: : | CP18: : | CR18: : | CT18: : | CV18: : | CX18: : | CZ18: : | DB18: : | DD18: : | DF18: : | DH18: : | DJ18: : | DL18: : | DN18: : | DP18: : | DR18: : | DT18: : | DV18: : | DX18: : | DZ18: : | EB18: : | ED18: : | EF18: : | EH18: : | EJ18: : | EL18: : | EN18: : | EP18: : | ER18: : | ET18: : | EV18: : | EX18: : | EZ18: : | FB18: : | FD18: : | FF18: 24515.1 | FH18: 25897.2 | FJ18: 24898.1 | FL18: 25156.7 | FN18: 26184.9 | FP18: 27413.8 | FR18: 26001.5 | FT18: 26901.1 | FV18: 28203.8 | FX18: 29879.6 | FZ18: 29653.1 | GB18: 29905.7 | GD18: 31484.7 | GF18: 32120.1 | GH18: 32393.4 | GJ18: 32127.6 | GL18: 33534.4 | GN18: 34422.3 | GP18: 34577.6 | GR18: 36321.7 | GT18: 35360.9 | GV18: 37617.1 | GX18: 37382.4 | GZ18: 39829.8 | HB18: 38249.7 | HD18: 39603.7 | HF18: 38087.9 | HH18: 39970.6 | HJ18: 39867 | HL18: 42470.7 | HN18: 40595 | HP18: 42478 | HR18: 40490.2 | HT18: 42670.9 | HV18: 40354.5 | HX18: 44040.9 | HZ18: 43312.1 | IB18: 44988.6 | ID18: 42369.7 | IF18: 45597.4 | IH18: 45950.6 | IJ18: 47347.8 | IL18: 45456.2 | IN18: 48250.6 | IP18: 47829.1 | IR18: 49804.8 | IT18: 48055.6 | IV18: 49900.2 | IX18: 52331.4 | IZ18: 52827.8 | JB18: 51881.3 | JD18: 53842.7 | JF18: 52596.5 | JH18: 52752 | JJ18: 51331.5 | JL18: 49469.2 | JN18: 49080.3 | JP18: 49587.7 | JR18: 47522.9 | JT18: 46818.7 | JV18: 48986.3 | JX18: 48921.7 | JZ18: 48624.3 | KB18: 49948.2 | KD18: 49176.8 | KF18: 51323.5 | KH18: 49830.1 | KJ18: 50873.7 | KL18: 49042 | KN18: 49282.3 | KP18: 48189.3 | KR18: 49078.8 | KT18: 47900.7 | KV18: 49853.4 | KX18: 50459.9 | KZ18: 51646.6 | LB18: 51926.8 | LD18: 55086.9 | LF18: 54263.6 | LH18: 55834.9 | LJ18: 67268.5 | LL18: 64142.8 | LN18: 65817.3 | LP18: 68734.7 | LR18: 65788.1 | LT18: 65045 | LV18: 63825.9 | LX18: 73915.9 | LZ18: 68621 | MB18: 68999.4 | MD18: 73816.3 | MF18: 77870.9 | MH18: 74888.6 | MJ18: 78382 | ML18: 80455.6 | MN18: 82624.3 | MP18: 77894.8 | MR18: 82471.2 | MT18: 85149.1 | MV18: 87524.5 | MX18: 88256.5 | MZ18: 83497.9 | NB18: 93232.9 | ND18: 93677.9 | NF18: 98333.6 | NH18: 101618.8 | NJ18: 108619.7 | NL18: 109194.8 | NN18: 106546.1 | NP18: 110103.1 | NR18: 117921.4 | NT18: 119889.5 | NV18: 108048.6 | NX18: 112531.9 | NZ18: 113360.6 | OB18: 111073.2 | OD18: 106339.2 | OF18: 108960.2 | OH18: 119983.3 | OJ18: 121363.4 | OL18: 126390.3 | ON18: 126585.7 | OP18: :
A19: Greece | B19: : | D19: : | F19: : | H19: : | J19: : | L19: : | N19: : | P19: : | R19: : | T19: : | V19: : | X19: : | Z19: : | AB19: : | AD19: : | AF19: : | AH19: : | AJ19: : | AL19: : | AN19: : | AP19: : | AR19: : | AT19: : | AV19: : | AX19: : | AZ19: : | BB19: : | BD19: : | BF19: : | BH19: : | BJ19: : | BL19: : | BN19: : | BP19: : | BR19: : | BT19: : | BV19: : | BX19: : | BZ19: : | CB19: : | CD19: : | CF19: : | CH19: : | CJ19: : | CL19: : | CN19: : | CP19: : | CR19: : | CT19: : | CV19: : | CX19: : | CZ19: : | DB19: : | DD19: : | DF19: : | DH19: : | DJ19: : | DL19: : | DN19: : | DP19: : | DR19: : | DT19: : | DV19: : | DX19: : | DZ19: : | EB19: : | ED19: : | EF19: : | EH19: : | EJ19: : | EL19: : | EN19: : | EP19: : | ER19: : | ET19: : | EV19: : | EX19: : | EZ19: : | FB19: : | FD19: : | FF19: 30668.5 | FH19: 31323.8 | FJ19: 34074.9 | FL19: 35140.6 | FN19: 31186.6 | FP19: 31478.2 | FR19: 34390 | FT19: 35249.6 | FV19: 31740.1 | FX19: 32587.5 | FZ19: 35723.2 | GB19: 36625.2 | GD19: 33791.3 | GF19: 34203.2 | GH19: 36864.2 | GJ19: 37607.6 | GL19: 34057 | GN19: 34594.9 | GP19: 37315.2 | GR19: 38542.4 | GT19: 35292.6 | GV19: 36022.8 | GX19: 38977.7 | GZ19: 39966.3 | HB19: 37338 | HD19: 37471.6 | HF19: 40399.8 | HH19: 40972.7 | HJ19: 38452.5 | HL19: 40005.5 | HN19: 42360 | HP19: 42723.1 | HR19: 40886.5 | HT19: 42495 | HV19: 44691.1 | HX19: 45534.8 | HZ19: 44045.3 | IB19: 45026.4 | ID19: 47556.7 | IF19: 47738.3 | IH19: 44118.9 | IJ19: 46003.4 | IL19: 47981.1 | IN19: 48230.4 | IP19: 46375.3 | IR19: 48562 | IT19: 49731 | IV19: 51437.7 | IX19: 47687.2 | IZ19: 51361.4 | JB19: 51774.1 | JD19: 51085.5 | JF19: 48710.7 | JH19: 50768.8 | JJ19: 51680 | JL19: 51341.1 | JN19: 46343 | JP19: 49147.9 | JR19: 50257 | JT19: 50099 | JV19: 45987 | JX19: 46645.2 | JZ19: 45887.7 | KB19: 45902.3 | KD19: 41441.1 | KF19: 42933.2 | KH19: 42956.9 | KJ19: 40724 | KL19: 37798.8 | KN19: 39176.2 | KP19: 39852.2 | KR19: 39130.6 | KT19: 35742.9 | KV19: 38221.6 | KX19: 39857.8 | KZ19: 39538.8 | LB19: 36083.4 | LD19: 38333.8 | LF19: 39907.3 | LH19: 39213.7 | LJ19: 36339 | LL19: 38389.2 | LN19: 39213 | LP19: 39607.9 | LR19: 35827.8 | LT19: 38135.8 | LV19: 39840.2 | LX19: 39212.5 | LZ19: 36461.2 | MB19: 38853.9 | MD19: 41710.2 | MF19: 39427.9 | MH19: 36925.1 | MJ19: 39815.3 | ML19: 42186.3 | MN19: 40226.9 | MP19: 37242.6 | MR19: 40725.7 | MT19: 43436.7 | MV19: 40568.5 | MX19: 36381.8 | MZ19: 34421.3 | NB19: 38977 | ND19: 37456.2 | NF19: 35806.8 | NH19: 38839 | NJ19: 43570.7 | NL19: 40982.9 | NN19: 38041 | NO19: p | NP19: 41380 | NQ19: p | NR19: 45546.1 | NS19: p | NT19: 42662.9 | NU19: p | NV19: 39171.5 | NW19: p | NX19: 42380.5 | NY19: p | NZ19: 46146.6 | OA19: p | OB19: 43621.8 | OC19: p | OD19: 39428.1 | OE19: p | OF19: 43346.8 | OG19: p | OH19: 47054 | OI19: p | OJ19: 44573.5 | OK19: p | OL19: 39798.7 | OM19: p | ON19: 43956.5 | OO19: p | OP19: :
A20: Spain | B20: : | D20: : | F20: : | H20: : | J20: : | L20: : | N20: : | P20: : | R20: : | T20: : | V20: : | X20: : | Z20: : | AB20: : | AD20: : | AF20: : | AH20: : | AJ20: : | AL20: : | AN20: : | AP20: : | AR20: : | AT20: : | AV20: : | AX20: : | AZ20: : | BB20: : | BD20: : | BF20: : | BH20: : | BJ20: : | BL20: : | BN20: : | BP20: : | BR20: : | BT20: : | BV20: : | BX20: : | BZ20: : | CB20: : | CD20: : | CF20: : | CH20: : | CJ20: : | CL20: : | CN20: : | CP20: : | CR20: : | CT20: : | CV20: : | CX20: : | CZ20: : | DB20: : | DD20: : | DF20: : | DH20: : | DJ20: : | DL20: : | DN20: : | DP20: : | DR20: : | DT20: : | DV20: : | DX20: : | DZ20: : | EB20: : | ED20: : | EF20: : | EH20: : | EJ20: : | EL20: : | EN20: : | EP20: : | ER20: : | ET20: : | EV20: : | EX20: : | EZ20: : | FB20: : | FD20: : | FF20: 166854 | FH20: 177681 | FJ20: 171387 | FL20: 184500 | FN20: 170933 | FP20: 181371 | FR20: 176526 | FT20: 189717 | FV20: 174925 | FX20: 186936 | FZ20: 182815 | GB20: 198201 | GD20: 182845 | GF20: 194456 | GH20: 189782 | GJ20: 204415 | GL20: 190513 | GN20: 202887 | GP20: 198596 | GR20: 212910 | GT20: 202145 | GV20: 214117 | GX20: 208053 | GZ20: 223309 | HB20: 211152 | HD20: 222279 | HF20: 216148 | HH20: 231702 | HJ20: 216382 | HL20: 229457 | HN20: 221505 | HP20: 237526 | HR20: 224187 | HT20: 234416 | HV20: 227093 | HX20: 243270 | HZ20: 229073 | IB20: 241346 | ID20: 234453 | IF20: 250125 | IH20: 235716 | IJ20: 249937 | IL20: 242190 | IN20: 259183 | IP20: 246568 | IR20: 259522 | IT20: 251855 | IV20: 270364 | IX20: 256126 | IZ20: 269941 | JB20: 261776 | JD20: 281295 | JF20: 262135 | JH20: 275629 | JJ20: 265177 | JL20: 277994 | JN20: 251881 | JP20: 264701 | JR20: 257387 | JT20: 271660 | JV20: 251629 | JX20: 264234 | JZ20: 256990 | KB20: 270943 | KD20: 252852 | KF20: 264476 | KH20: 256911 | KJ20: 266933 | KL20: 248046 | KN20: 256313 | KP20: 249817 | KR20: 257974 | KT20: 241062 | KV20: 253579 | KX20: 247885 | KZ20: 256704 | LB20: 242484 | LD20: 254858 | LF20: 251054 | LH20: 261638 | LJ20: 249458 | LL20: 264128 | LN20: 260712 | LP20: 271463 | LR20: 257526 | LT20: 271762 | LV20: 267704 | LX20: 276537 | LZ20: 263405 | MB20: 280732 | MD20: 276020 | MF20: 285848 | MH20: 270370 | MJ20: 287948 | ML20: 281557 | MN20: 293267 | MP20: 278225 | MR20: 293438 | MT20: 286907 | MV20: 298054 | MX20: 267656 | MZ20: 229779 | NB20: 261804 | ND20: 271725 | NF20: 257178 | NH20: 273085 | NJ20: 275294 | NL20: 290180 | NN20: 277039 | NO20: p | NP20: 294469 | NQ20: p | NR20: 294286 | NS20: p | NT20: 305666 | NU20: p | NV20: 289116 | NW20: p | NX20: 300649 | NY20: p | NZ20: 299599 | OA20: p | OB20: 312868 | OC20: p | OD20: 298454 | OE20: p | OF20: 314230 | OG20: p | OH20: 311632 | OI20: p | OJ20: 324895 | OK20: p | OL20: 307256 | OM20: p | ON20: 323648 | OO20: p | OP20: 321488 | OQ20: p
A21: France | B21: : | D21: : | F21: : | H21: : | J21: : | L21: : | N21: : | P21: : | R21: : | T21: : | V21: : | X21: : | Z21: : | AB21: : | AD21: : | AF21: : | AH21: : | AJ21: : | AL21: : | AN21: : | AP21: 270738.9 | AR21: 272973.9 | AT21: 257428.8 | AV21: 279792 | AX21: 270574.2 | AZ21: 275965.4 | BB21: 261773.2 | BD21: 286398.3 | BF21: 277775.5 | BH21: 283707.6 | BJ21: 267304.8 | BL21: 291361.3 | BN21: 282995.3 | BP21: 286651.5 | BR21: 270513.2 | BT21: 294536.4 | BV21: 287864.7 | BX21: 289667 | BZ21: 276769.1 | CB21: 299455.2 | CD21: 290274.4 | CF21: 294313.5 | CH21: 282316.3 | CJ21: 304484.2 | CL21: 295336.1 | CN21: 302288.5 | CP21: 288026 | CR21: 310636 | CT21: 300542.9 | CV21: 306045.8 | CX21: 294411.8 | CZ21: 321188.3 | DB21: 314960.2 | DD21: 320721.6 | DF21: 308632.4 | DH21: 333340.4 | DJ21: 328786.7 | DL21: 335142.9 | DN21: 322694.5 | DP21: 350804.8 | DR21: 340894.8 | DT21: 346252.6 | DV21: 333830.7 | DX21: 355861.6 | DZ21: 345759.8 | EB21: 350086.9 | ED21: 338671.9 | EF21: 360153.2 | EH21: 353999.2 | EJ21: 356780.1 | EL21: 344741.9 | EN21: 364411.9 | EP21: 352388.1 | ER21: 356631.9 | ET21: 343922.2 | EV21: 362705.8 | EX21: 356230.6 | EZ21: 363520.3 | FB21: 351150 | FD21: 374015.2 | FF21: 369722.2 | FH21: 372741.9 | FJ21: 358457.8 | FL21: 379621.7 | FN21: 374511.7 | FP21: 377401.4 | FR21: 365361.7 | FT21: 384981.5 | FV21: 377300.3 | FX21: 387942.2 | FZ21: 375579.6 | GB21: 399200.8 | GD21: 394224 | GF21: 399785.6 | GH21: 389336 | GJ21: 410893.8 | GL21: 403711.1 | GN21: 411748.5 | GP21: 403641.3 | GR21: 429622.3 | GT21: 423772.4 | GV21: 428949.2 | GX21: 418321.5 | GZ21: 445760.7 | HB21: 436739.3 | HD21: 436797.9 | HF21: 425854.6 | HH21: 449720 | HJ21: 438664.1 | HL21: 441486.8 | HN21: 432734.1 | HP21: 454217.8 | HR21: 443303.4 | HT21: 441941.7 | HV21: 435860.1 | HX21: 461801.8 | HZ21: 455097.5 | IB21: 459424.1 | ID21: 449393.4 | IF21: 473800.9 | IH21: 461426.9 | IJ21: 469525.2 | IL21: 457476.8 | IN21: 481281.4 | IP21: 472725.6 | IR21: 481819 | IT21: 469553.3 | IV21: 496676.4 | IX21: 486699.8 | IZ21: 493423.8 | JB21: 483349.7 | JD21: 508202.8 | JF21: 494603.7 | JH21: 500336.9 | JJ21: 486533.4 | JL21: 502679.1 | JN21: 475478.3 | JP21: 481973.8 | JR21: 475443.8 | JT21: 499280.5 | JV21: 480941.8 | JX21: 492505.6 | JZ21: 484819.8 | KB21: 508582.9 | KD21: 497731.6 | KF21: 505444.5 | KH21: 495250.8 | KJ21: 518272.4 | KL21: 504069.9 | KN21: 504984.8 | KP21: 496560.2 | KR21: 519090 | KT21: 501591.4 | KV21: 511681.4 | KX21: 503008.5 | KZ21: 525116.4 | LB21: 508829.6 | LD21: 515416.2 | LF21: 510287.4 | LH21: 531353.9 | LJ21: 514822.6 | LL21: 520197.6 | LN21: 511682.2 | LP21: 536113.7 | LR21: 518393.5 | LT21: 527701.8 | LV21: 511679.5 | LX21: 539198.5 | LZ21: 527614 | MB21: 533105.3 | MD21: 523262.5 | MF21: 553989.5 | MH21: 535812 | MJ21: 540283.4 | ML21: 532562.9 | MN21: 564008.7 | MP21: 547358.5 | MR21: 555289.2 | MT21: 546875.7 | MV21: 568898.3 | MX21: 521513.8 | MZ21: 462262 | NB21: 522688.9 | ND21: 550080.5 | NF21: 528944.5 | NH21: 541982.4 | NJ21: 544728.2 | NL21: 575447.4 | NN21: 554257.8 | NP21: 564375.2 | NR21: 555221.7 | NT21: 582414 | NV21: 567630 | NX21: 574415.3 | NZ21: 563933 | OB21: 595304.8 | OD21: 579762.1 | OF21: 581283.1 | OH21: 575493.1 | OJ21: 600118.8 | OL21: 579811.7 | ON21: 585439.5 | OP21: 579140.3
A22: Croatia | B22: : | D22: : | F22: : | H22: : | J22: : | L22: : | N22: : | P22: : | R22: : | T22: : | V22: : | X22: : | Z22: : | AB22: : | AD22: : | AF22: : | AH22: : | AJ22: : | AL22: : | AN22: : | AP22: : | AR22: : | AT22: : | AV22: : | AX22: : | AZ22: : | BB22: : | BD22: : | BF22: : | BH22: : | BJ22: : | BL22: : | BN22: : | BP22: : | BR22: : | BT22: : | BV22: : | BX22: : | BZ22: : | CB22: : | CD22: : | CF22: : | CH22: : | CJ22: : | CL22: : | CN22: : | CP22: : | CR22: : | CT22: : | CV22: : | CX22: : | CZ22: : | DB22: : | DD22: : | DF22: : | DH22: : | DJ22: : | DL22: : | DN22: : | DP22: : | DR22: : | DT22: : | DV22: : | DX22: : | DZ22: : | EB22: : | ED22: : | EF22: : | EH22: : | EJ22: : | EL22: : | EN22: : | EP22: : | ER22: : | ET22: : | EV22: : | EX22: : | EZ22: : | FB22: : | FD22: : | FF22: 6087.7 | FH22: 6663.1 | FJ22: 7035 | FL22: 6857.6 | FN22: 6512.7 | FP22: 7096.1 | FR22: 7519.1 | FT22: 7141.3 | FV22: 6557.1 | FX22: 7563.4 | FZ22: 8561.5 | GB22: 7560.8 | GD22: 6787.7 | GF22: 7701.4 | GH22: 8788.6 | GJ22: 7648.5 | GL22: 6940.4 | GN22: 7765.7 | GP22: 8619.9 | GR22: 7508.9 | GT22: 7125.6 | GV22: 7760.9 | GX22: 8807.9 | GZ22: 7835.2 | HB22: 7323.7 | HD22: 8109.3 | HF22: 9139 | HH22: 8085.1 | HJ22: 7635.5 | HL22: 8418.2 | HN22: 9762.3 | HP22: 8573.7 | HR22: 8095.3 | HT22: 9033.8 | HV22: 10335.9 | HX22: 8959 | HZ22: 8507.6 | IB22: 9421.7 | ID22: 10733.7 | IF22: 9303.2 | IH22: 8692.3 | IJ22: 9899.8 | IL22: 11263.1 | IN22: 9715.9 | IP22: 9208.8 | IR22: 10261.7 | IT22: 11808.3 | IV22: 10151.7 | IX22: 9785.1 | IZ22: 10826.7 | JB22: 12364.8 | JD22: 10495.3 | JF22: 10120.4 | JH22: 11162.7 | JJ22: 12474.6 | JL22: 10580.4 | JN22: 9491.9 | JP22: 10466.4 | JR22: 11653.2 | JT22: 10215.4 | JV22: 9109.2 | JX22: 10160.1 | JZ22: 11630.3 | KB22: 10160.6 | KD22: 9065.9 | KF22: 10261.9 | KH22: 11718.6 | KJ22: 10107 | KL22: 8794.9 | KN22: 9891.2 | KP22: 11359.1 | KR22: 9745.9 | KT22: 8690.5 | KV22: 9885.8 | KX22: 11348.5 | KZ22: 9673.4 | LB22: 8645.4 | LD22: 9795.4 | LF22: 11209.9 | LH22: 9691 | LJ22: 8713.3 | LL22: 9993.9 | LN22: 11576.6 | LP22: 9945.6 | LR22: 9004.3 | LT22: 10297.5 | LV22: 11994.6 | LX22: 10343.6 | LZ22: 9270.6 | MB22: 10590.7 | MD22: 12389.5 | MF22: 10556.4 | MH22: 9473.9 | MJ22: 10852.7 | ML22: 12674.6 | MN22: 10874 | MP22: 9916.5 | MR22: 11250 | MT22: 13042.7 | MV22: 11083.5 | MX22: 9855.3 | MZ22: 9706.4 | NB22: 11757 | ND22: 10679.4 | NF22: 10172.8 | NH22: 11413.5 | NJ22: 13463.3 | NL22: 11860.2 | NN22: 10968.2 | NP22: 12652.3 | NR22: 14561 | NT22: 12659.5 | NV22: 11347.8 | NX22: 13116 | NZ22: 15123.2 | OB22: 13296 | OD22: 11675.9 | OE22: p | OF22: 13548.1 | OG22: p | OH22: 15651.1 | OI22: p | OJ22: 13714.1 | OK22: p | OL22: 12035.2 | OM22: p | ON22: 14018 | OO22: p | OP22: :
A23: Italy | B23: : | D23: : | F23: : | H23: : | J23: : | L23: : | N23: : | P23: : | R23: : | T23: : | V23: : | X23: : | Z23: : | AB23: : | AD23: : | AF23: : | AH23: : | AJ23: : | AL23: : | AN23: : | AP23: : | AR23: : | AT23: : | AV23: : | AX23: : | AZ23: : | BB23: : | BD23: : | BF23: : | BH23: : | BJ23: : | BL23: : | BN23: : | BP23: : | BR23: : | BT23: : | BV23: : | BX23: : | BZ23: : | CB23: : | CD23: : | CF23: : | CH23: : | CJ23: : | CL23: : | CN23: : | CP23: : | CR23: : | CT23: : | CV23: : | CX23: : | CZ23: : | DB23: : | DD23: : | DF23: : | DH23: : | DJ23: : | DL23: : | DN23: : | DP23: : | DR23: : | DT23: : | DV23: : | DX23: : | DZ23: : | EB23: : | ED23: : | EF23: : | EH23: : | EJ23: : | EL23: : | EN23: : | EP23: : | ER23: : | ET23: : | EV23: : | EX23: : | EZ23: : | FB23: : | FD23: : | FF23: : | FH23: : | FJ23: : | FL23: : | FN23: 341131 | FP23: 355899.6 | FR23: 351277.1 | FT23: 366092.2 | FV23: 338924.2 | FX23: 362360.7 | FZ23: 357254.4 | GB23: 379197.9 | GD23: 349570.5 | GF23: 368991.9 | GH23: 363991.9 | GJ23: 378780.2 | GL23: 352208.5 | GN23: 371381.9 | GP23: 368681.6 | GR23: 392299.5 | GT23: 369473.5 | GV23: 387314.3 | GX23: 381706.3 | GZ23: 403758.8 | HB23: 381645.8 | HD23: 397820.6 | HF23: 386544.5 | HH23: 405817.9 | HJ23: 378868.4 | HL23: 397573.3 | HN23: 390554 | HP23: 410763.4 | HR23: 380587.2 | HT23: 397069.7 | HV23: 390192.9 | HX23: 410551.3 | HZ23: 384918.5 | IB23: 405189.1 | ID23: 398752.3 | IF23: 415687.7 | IH23: 385331.6 | IJ23: 408909.4 | IL23: 404025.1 | IN23: 418872 | IP23: 396918.2 | IR23: 415435.7 | IT23: 409184.8 | IV23: 426894.5 | IX23: 405257.9 | IZ23: 424252.9 | JB23: 416539.6 | JD23: 428645.5 | JF23: 410006 | JH23: 423822.5 | JJ23: 414162.3 | JL23: 412886.1 | JN23: 378719.3 | JP23: 392853.8 | JR23: 394423.4 | JT23: 403047.1 | JV23: 381942.1 | JX23: 401759.3 | JZ23: 401069.7 | KB23: 412633.7 | KD23: 391818.3 | KF23: 408068 | KH23: 403847.9 | KJ23: 406167.6 | KL23: 383299.3 | KN23: 394959.4 | KP23: 391099.4 | KR23: 395083.9 | KT23: 371195.5 | KV23: 386922.1 | KX23: 388888.5 | KZ23: 393872.5 | LB23: 371711.1 | LD23: 386670.1 | LF23: 388688.3 | LH23: 392736.8 | LJ23: 372958 | LL23: 389412.1 | LN23: 391961.9 | LP23: 399827 | LR23: 377742.1 | LT23: 394751.6 | LV23: 397618.1 | LX23: 405293.8 | LZ23: 387731.2 | MB23: 402082.1 | MD23: 402592.3 | MF23: 412029.8 | MH23: 390860.9 | MJ23: 407031.3 | ML23: 406346.6 | MN23: 416103.3 | MP23: 393006.5 | MR23: 410150.3 | MT23: 410864.9 | MV23: 417706 | MX23: 371667.6 | MZ23: 337964.6 | NB23: 389693.8 | ND23: 396996.3 | NF23: 381579.7 | NH23: 403646.5 | NJ23: 416930.5 | NL23: 428313.1 | NN23: 409945.6 | NP23: 430642.9 | NR23: 432624.5 | NT23: 437796.2 | NV23: 421358.1 | NX23: 431932.3 | NZ23: 433858.4 | OB23: 440505.3 | OD23: 422807.8 | OF23: 434773.2 | OH23: 436927.7 | OJ23: 444706.6 | OL23: 423664.4 | ON23: 435880.2 | OP23: :
A24: Cyprus | B24: : | D24: : | F24: : | H24: : | J24: : | L24: : | N24: : | P24: : | R24: : | T24: : | V24: : | X24: : | Z24: : | AB24: : | AD24: : | AF24: : | AH24: : | AJ24: : | AL24: : | AN24: : | AP24: : | AR24: : | AT24: : | AV24: : | AX24: : | AZ24: : | BB24: : | BD24: : | BF24: : | BH24: : | BJ24: : | BL24: : | BN24: : | BP24: : | BR24: : | BT24: : | BV24: : | BX24: : | BZ24: : | CB24: : | CD24: : | CF24: : | CH24: : | CJ24: : | CL24: : | CN24: : | CP24: : | CR24: : | CT24: : | CV24: : | CX24: : | CZ24: : | DB24: : | DD24: : | DF24: : | DH24: : | DJ24: : | DL24: : | DN24: : | DP24: : | DR24: : | DT24: : | DV24: : | DX24: : | DZ24: : | EB24: : | ED24: : | EF24: : | EH24: : | EJ24: : | EL24: : | EN24: : | EP24: : | ER24: : | ET24: : | EV24: : | EX24: : | EZ24: : | FB24: : | FD24: : | FF24: : | FH24: : | FJ24: : | FL24: : | FN24: 2488.1 | FP24: 2618.9 | FR24: 2677.2 | FT24: 2658.9 | FV24: 2496.4 | FX24: 2673.3 | FZ24: 2791.9 | GB24: 2757.3 | GD24: 2624.7 | GF24: 2860.6 | GH24: 2987.1 | GJ24: 2901.7 | GL24: 2754.7 | GN24: 2996.4 | GP24: 3109.3 | GR24: 3082 | GT24: 2944.7 | GV24: 3285.5 | GX24: 3247.6 | GZ24: 3177 | HB24: 3018.1 | HD24: 3336 | HF24: 3442.4 | HH24: 3358.6 | HJ24: 3144.1 | HL24: 3468.6 | HN24: 3510 | HP24: 3522.2 | HR24: 3302.5 | HT24: 3479.5 | HV24: 3612 | HX24: 3608.6 | HZ24: 3471.4 | IB24: 3652.9 | ID24: 3794.7 | IF24: 3787.6 | IH24: 3639 | IJ24: 3834.7 | IL24: 3975.2 | IN24: 3971.2 | IP24: 3807.5 | IR24: 4053.6 | IT24: 4148.4 | IV24: 4137.6 | IX24: 4027.4 | IZ24: 4235.3 | JB24: 4342.4 | JD24: 4365.3 | JF24: 4217.9 | JH24: 4448.5 | JJ24: 4500.9 | JL24: 4421.9 | JN24: 4142.9 | JP24: 4352.2 | JR24: 4375.9 | JT24: 4363.8 | JV24: 4211.1 | JX24: 4442.3 | JZ24: 4492.2 | KB24: 4488.9 | KD24: 4277.1 | KF24: 4524.2 | KH24: 4450.5 | KJ24: 4456.2 | KL24: 4204.3 | KN24: 4359.1 | KP24: 4344.1 | KR24: 4190.2 | KT24: 3878.2 | KV24: 4015.5 | KX24: 4094.8 | KZ24: 3982.8 | LB24: 3740 | LD24: 3989.9 | LF24: 4031.5 | LH24: 3926.3 | LJ24: 3765.8 | LL24: 4124.8 | LN24: 4171.7 | LP24: 4136.7 | LR24: 4012.8 | LT24: 4396.5 | LV24: 4433.4 | LX24: 4421.4 | LZ24: 4303.8 | MB24: 4659.2 | MD24: 4664.1 | MF24: 4633 | MH24: 4557.7 | MJ24: 4954.3 | ML24: 4953.8 | MN24: 4960.1 | MP24: 4818.3 | MR24: 5206.7 | MT24: 5327.1 | MV24: 5253.1 | MX24: 4978.2 | MZ24: 4642 | NB24: 5105.3 | ND24: 5233.2 | NF24: 5180.2 | NH24: 5479.8 | NJ24: 5776 | NL24: 5796.1 | NN24: 5756 | NP24: 6006.5 | NR24: 6243.4 | NT24: 6065.7 | NV24: 5976.4 | NX24: 6282.1 | NZ24: 6397.1 | OB24: 6287 | OD24: 6255.2 | OF24: 6503.6 | OH24: 6672.7 | OJ24: 6494.4 | OL24: 6445.6 | ON24: 6740.7 | OP24: :
A25: Latvia | B25: : | D25: : | F25: : | H25: : | J25: : | L25: : | N25: : | P25: : | R25: : | T25: : | V25: : | X25: : | Z25: : | AB25: : | AD25: : | AF25: : | AH25: : | AJ25: : | AL25: : | AN25: : | AP25: : | AR25: : | AT25: : | AV25: : | AX25: : | AZ25: : | BB25: : | BD25: : | BF25: : | BH25: : | BJ25: : | BL25: : | BN25: : | BP25: : | BR25: : | BT25: : | BV25: : | BX25: : | BZ25: : | CB25: : | CD25: : | CF25: : | CH25: : | CJ25: : | CL25: : | CN25: : | CP25: : | CR25: : | CT25: : | CV25: : | CX25: : | CZ25: : | DB25: : | DD25: : | DF25: : | DH25: : | DJ25: : | DL25: : | DN25: : | DP25: : | DR25: : | DT25: : | DV25: : | DX25: : | DZ25: : | EB25: : | ED25: : | EF25: : | EH25: : | EJ25: : | EL25: : | EN25: : | EP25: : | ER25: : | ET25: : | EV25: : | EX25: : | EZ25: : | FB25: : | FD25: : | FF25: 2366.1 | FH25: 2615.3 | FJ25: 2545.7 | FL25: 2805.3 | FN25: 2370 | FP25: 2594 | FR25: 2665.6 | FT25: 2915.3 | FV25: 2519 | FX25: 2942.7 | FZ25: 2943.5 | GB25: 3146.4 | GD25: 2849.8 | GF25: 3167.2 | GH25: 3102.5 | GJ25: 3229.9 | GL25: 2880.8 | GN25: 3101.4 | GP25: 3206.7 | GR25: 3553.4 | GT25: 3023.1 | GV25: 3337.1 | GX25: 3411.4 | GZ25: 3689.1 | HB25: 3144.8 | HD25: 3674.9 | HF25: 3515.8 | HH25: 4010.8 | HJ25: 3289.2 | HL25: 3919.5 | HN25: 3894.5 | HP25: 4375.9 | HR25: 3613.9 | HT25: 4212.7 | HV25: 4256.3 | HX25: 4690.3 | HZ25: 3946.7 | IB25: 4618.3 | ID25: 4584.4 | IF25: 5091 | IH25: 4268.5 | IJ25: 5054.4 | IL25: 5257 | IN25: 5830.6 | IP25: 4769 | IR25: 5698.5 | IT25: 5863.3 | IV25: 6598.9 | IX25: 5432.6 | IZ25: 6360.1 | JB25: 6456.2 | JD25: 6864.5 | JF25: 5656.1 | JH25: 6351.9 | JJ25: 6144.7 | JL25: 6499.6 | JN25: 5052.1 | JP25: 5379.6 | JR25: 5220.9 | JT25: 5615.3 | JV25: 4513.2 | JX25: 5098.6 | JZ25: 5171.5 | KB25: 5574.5 | KD25: 4539.7 | KF25: 5228.9 | KH25: 5395.8 | KJ25: 5730.1 | KL25: 4978.7 | KN25: 5590.4 | KP25: 5749.6 | KR25: 6021 | KT25: 4963.4 | KV25: 5656.7 | KX25: 5900.1 | KZ25: 6136.5 | LB25: 5115 | LD25: 5758.8 | LF25: 5999.6 | LH25: 6195.3 | LJ25: 5221.6 | LL25: 5988.5 | LN25: 6248.4 | LP25: 6426.2 | LR25: 5399.9 | LT25: 6122 | LV25: 6292.3 | LX25: 6548.3 | LZ25: 5570.7 | MB25: 6292.3 | MD25: 6536.4 | MF25: 6790.9 | MH25: 5625 | MJ25: 6580.3 | ML25: 6794.1 | MN25: 7120.4 | MP25: 5718.9 | MR25: 6617.8 | MT25: 6900.7 | MV25: 7046 | MX25: 5726.4 | MZ25: 6007.5 | NB25: 6649.4 | ND25: 6983.7 | NF25: 5803.4 | NH25: 6790.5 | NJ25: 7187.1 | NL25: 7438 | NN25: 6317.5 | NP25: 6970.8 | NR25: 7169.8 | NT25: 7226.4 | NV25: 6614.9 | NX25: 6838.1 | NZ25: 7103.2 | OB25: 6983.4 | OD25: 6510.6 | OF25: 6810.9 | OH25: 7190.9 | OJ25: 6987.4 | OL25: 6592.3 | ON25: 6872.5 | OP25: :
A26: Lithuania | B26: : | D26: : | F26: : | H26: : | J26: : | L26: : | N26: : | P26: : | R26: : | T26: : | V26: : | X26: : | Z26: : | AB26: : | AD26: : | AF26: : | AH26: : | AJ26: : | AL26: : | AN26: : | AP26: : | AR26: : | AT26: : | AV26: : | AX26: : | AZ26: : | BB26: : | BD26: : | BF26: : | BH26: : | BJ26: : | BL26: : | BN26: : | BP26: : | BR26: : | BT26: : | BV26: : | BX26: : | BZ26: : | CB26: : | CD26: : | CF26: : | CH26: : | CJ26: : | CL26: : | CN26: : | CP26: : | CR26: : | CT26: : | CV26: : | CX26: : | CZ26: : | DB26: : | DD26: : | DF26: : | DH26: : | DJ26: : | DL26: : | DN26: : | DP26: : | DR26: : | DT26: : | DV26: : | DX26: : | DZ26: : | EB26: : | ED26: : | EF26: : | EH26: : | EJ26: : | EL26: : | EN26: : | EP26: : | ER26: : | ET26: : | EV26: : | EX26: : | EZ26: : | FB26: : | FD26: : | FF26: 3588.5 | FH26: 3957.5 | FJ26: 4496.1 | FL26: 4326.8 | FN26: 3769.6 | FP26: 4040.5 | FR26: 4856.6 | FT26: 4525 | FV26: 3940.8 | FX26: 4446.5 | FZ26: 5264 | GB26: 4967.5 | GD26: 4368 | GF26: 4905.6 | GH26: 5564.1 | GJ26: 5170.6 | GL26: 4491.4 | GN26: 4959.1 | GP26: 5337.1 | GR26: 5001.1 | GT26: 4681.9 | GV26: 5033.2 | GX26: 5482.3 | GZ26: 5267.8 | HB26: 4997.4 | HD26: 5295.3 | HF26: 5816.7 | HH26: 5682.8 | HJ26: 5229.9 | HL26: 5715.3 | HN26: 6278.5 | HP26: 6033 | HR26: 5797.7 | HT26: 6249.4 | HV26: 6911.5 | HX26: 6752.2 | HZ26: 6206.5 | IB26: 6710.8 | ID26: 7247.7 | IF26: 7217.4 | IH26: 6548.3 | IJ26: 7186.6 | IL26: 7903.2 | IN26: 7861.4 | IP26: 7043.5 | IR26: 7782.7 | IT26: 8443.9 | IV26: 8411 | IX26: 7733 | IZ26: 8683.2 | JB26: 9483.7 | JD26: 9290.7 | JF26: 8280.2 | JH26: 9149.3 | JJ26: 9635.8 | JL26: 9040.2 | JN26: 7124.3 | JP26: 7711.2 | JR26: 8253.2 | JT26: 7659.3 | JV26: 6969.1 | JX26: 7715.9 | JZ26: 8234.6 | KB26: 7959.6 | KD26: 7411.5 | KF26: 8145.2 | KH26: 8843.7 | KJ26: 8431.6 | KL26: 7726.2 | KN26: 8358.3 | KP26: 9346.4 | KR26: 8840.1 | KT26: 8030 | KV26: 8736.2 | KX26: 9682.7 | KZ26: 9209.1 | LB26: 8423.7 | LD26: 9121.9 | LF26: 10001.7 | LH26: 9455.7 | LJ26: 8612.9 | LL26: 9354 | LN26: 10306.9 | LP26: 9777.6 | LR26: 8821.2 | LT26: 9532.2 | LV26: 10538.5 | LX26: 10176.1 | LZ26: 9268.4 | MB26: 9995.6 | MD26: 10979.9 | MF26: 10626.1 | MH26: 9718.7 | MJ26: 10536.3 | ML26: 11464.2 | MN26: 11160.8 | MP26: 10207.5 | MR26: 11024.6 | MT26: 11990.6 | MV26: 11663.1 | MX26: 10517.2 | MZ26: 10544.3 | NB26: 12169.5 | ND26: 11674 | NF26: 10841.4 | NH26: 11540.4 | NJ26: 12926.8 | NL26: 12468 | NN26: 11448 | NP26: 11836.7 | NR26: 13173.3 | NT26: 12496.4 | NV26: 11284.3 | NX26: 12047 | NZ26: 13335.3 | OB26: 12649.8 | OD26: 11648.2 | OF26: 12281.8 | OH26: 13683.7 | OJ26: 13197.1 | OL26: 12027.6 | ON26: 12680 | OP26: :
A27: Luxembourg | B27: : | D27: : | F27: : | H27: : | J27: : | L27: : | N27: : | P27: : | R27: : | T27: : | V27: : | X27: : | Z27: : | AB27: : | AD27: : | AF27: : | AH27: : | AJ27: : | AL27: : | AN27: : | AP27: : | AR27: : | AT27: : | AV27: : | AX27: : | AZ27: : | BB27: : | BD27: : | BF27: : | BH27: : | BJ27: : | BL27: : | BN27: : | BP27: : | BR27: : | BT27: : | BV27: : | BX27: : | BZ27: : | CB27: : | CD27: : | CF27: : | CH27: : | CJ27: : | CL27: : | CN27: : | CP27: : | CR27: : | CT27: : | CV27: : | CX27: : | CZ27: : | DB27: : | DD27: : | DF27: : | DH27: : | DJ27: : | DL27: : | DN27: : | DP27: : | DR27: : | DT27: : | DV27: : | DX27: : | DZ27: : | EB27: : | ED27: : | EF27: : | EH27: : | EJ27: : | EL27: : | EN27: : | EP27: : | ER27: : | ET27: : | EV27: : | EX27: : | EZ27: : | FB27: : | FD27: : | FF27: 6873.8 | FH27: 7063 | FJ27: 6852.4 | FL27: 6919.9 | FN27: 6845.8 | FP27: 7128.3 | FR27: 6836.2 | FT27: 7199.3 | FV27: 6985.7 | FX27: 7455.8 | FZ27: 7332.5 | GB27: 7543.6 | GD27: 7571.2 | GF27: 7914 | GH27: 7779.7 | GJ27: 7987.1 | GL27: 8175.9 | GN27: 8481.9 | GP27: 8413.9 | GR27: 8622.7 | GT27: 8829.2 | GV27: 8945.6 | GX27: 8810.1 | GZ27: 9179.6 | HB27: 9163.7 | HD27: 9222.4 | HF27: 9067.1 | HH27: 9611.6 | HJ27: 9334.1 | HL27: 9773.5 | HN27: 9382.9 | HP27: 9720.7 | HR27: 9525.9 | HT27: 9915 | HV27: 9576.9 | HX27: 10154.6 | HZ27: 10032 | IB27: 10287.4 | ID27: 10002.4 | IF27: 10290.8 | IH27: 9873.9 | IJ27: 10285.6 | IL27: 10177 | IN27: 11153.1 | IP27: 10917.3 | IR27: 11271.3 | IT27: 10872.2 | IV27: 11258.9 | IX27: 11781.5 | IZ27: 12251.6 | JB27: 11719 | JD27: 12173.6 | JF27: 12049.3 | JH27: 12365.9 | JJ27: 11726.1 | JL27: 11566.4 | JN27: 11223.3 | JP27: 11627.5 | JR27: 11410 | JT27: 11871.1 | JV27: 11907.3 | JX27: 12172.8 | JZ27: 11633.7 | KB27: 12102.6 | KD27: 12030.7 | KF27: 12081.9 | KH27: 11842.4 | KJ27: 12039.5 | KL27: 12042.9 | KN27: 12163 | KP27: 11911.5 | KR27: 12537.7 | KT27: 12243.5 | KV27: 12700.7 | KX27: 12430.1 | KZ27: 12790.5 | LB27: 12524 | LD27: 12546.3 | LF27: 12592.8 | LH27: 13528.4 | LJ27: 13159.1 | LL27: 13476.6 | LN27: 13197.3 | LP27: 13723.7 | LR27: 13631.4 | LT27: 14041 | LV27: 13976.7 | LX27: 14626.8 | LZ27: 13693.6 | MB27: 14129.8 | MD27: 14113.9 | MF27: 14849.8 | MH27: 14021 | MJ27: 14314.6 | ML27: 14265.3 | MN27: 14890.5 | MP27: 14246.1 | MR27: 14827.8 | MT27: 14709.3 | MV27: 15333.8 | MX27: 14506.9 | MZ27: 13919.6 | NB27: 14734.4 | ND27: 15432.4 | NF27: 15363 | NH27: 15619.7 | NJ27: 15515 | NL27: 16344.4 | NN27: 15262.2 | NP27: 15485.1 | NR27: 15382.8 | NT27: 15779 | NV27: 15214.7 | NX27: 15594.1 | NZ27: 15418 | OB27: 15591.6 | OD27: 15681.9 | OF27: 15682 | OH27: 15057.1 | OJ27: 15440 | OL27: 15254.8 | OM27: p | ON27: 15549.9 | OO27: p | OP27: :
A28: Hungary | B28: : | D28: : | F28: : | H28: : | J28: : | L28: : | N28: : | P28: : | R28: : | T28: : | V28: : | X28: : | Z28: : | AB28: : | AD28: : | AF28: : | AH28: : | AJ28: : | AL28: : | AN28: : | AP28: : | AR28: : | AT28: : | AV28: : | AX28: : | AZ28: : | BB28: : | BD28: : | BF28: : | BH28: : | BJ28: : | BL28: : | BN28: : | BP28: : | BR28: : | BT28: : | BV28: : | BX28: : | BZ28: : | CB28: : | CD28: : | CF28: : | CH28: : | CJ28: : | CL28: : | CN28: : | CP28: : | CR28: : | CT28: : | CV28: : | CX28: : | CZ28: : | DB28: : | DD28: : | DF28: : | DH28: : | DJ28: : | DL28: : | DN28: : | DP28: : | DR28: : | DT28: : | DV28: : | DX28: : | DZ28: : | EB28: : | ED28: : | EF28: : | EH28: : | EJ28: : | EL28: : | EN28: : | EP28: : | ER28: : | ET28: : | EV28: : | EX28: : | EZ28: : | FB28: : | FD28: : | FF28: 5287993.4 | FH28: 5690937.8 | FJ28: 5807672.5 | FL28: 5939092.9 | FN28: 5322572.6 | FP28: 5747967.8 | FR28: 5848503 | FT28: 6121961.7 | FV28: 5340906.4 | FX28: 5919752.8 | FZ28: 6097560.1 | GB28: 6340159.9 | GD28: 5524837.2 | GF28: 6134792.2 | GH28: 6359346.6 | GJ28: 6578803.2 | GL28: 5633211.2 | GN28: 6257389.4 | GP28: 6544382.3 | GR28: 6880335.8 | GT28: 5934790.4 | GV28: 6548157 | GX28: 6801758.4 | GZ28: 7123990.4 | HB28: 6235053.4 | HD28: 6857718.2 | HF28: 7081212.2 | HH28: 7354542.3 | HJ28: 6525429.8 | HL28: 7194140.9 | HN28: 7407188.5 | HP28: 7731908.3 | HR28: 6732608.1 | HT28: 7488984.5 | HV28: 7731425.6 | HX28: 8087842.1 | HZ28: 7025281.2 | IB28: 7886084.9 | ID28: 8137383.3 | IF28: 8476957.6 | IH28: 7286859.6 | IJ28: 8254035.8 | IL28: 8454663.1 | IN28: 8863167.1 | IP28: 7646670.2 | IR28: 8535983.8 | IT28: 8757346.7 | IV28: 9195510.5 | IX28: 7780938.9 | IZ28: 8546989.1 | JB28: 8750388.1 | JD28: 9150866.1 | JF28: 7893280.4 | JH28: 8757025.1 | JJ28: 8927814.8 | JL28: 8932845.7 | JN28: 7310682.4 | JP28: 8029899.4 | JR28: 8235363.1 | JT28: 8582901.3 | JV28: 7312018.4 | JX28: 8121087.7 | JZ28: 8382662.1 | KB28: 8756335.1 | KD28: 7537866.3 | KF28: 8245907.5 | KH28: 8491108.4 | KJ28: 8952540.6 | KL28: 7518447.5 | KN28: 8155154.2 | KP28: 8398361.6 | KR28: 8710118.8 | KT28: 7493519.9 | KV28: 8320227.8 | KX28: 8736030.1 | KZ28: 9118610.9 | LB28: 7836526 | LD28: 8768572.9 | LF28: 9106454 | LH28: 9502368.8 | LJ28: 8203339.1 | LL28: 9060369.7 | LN28: 9367704 | LP28: 9861493.7 | LR28: 8328334.6 | LT28: 9371487.2 | LV28: 9622766 | LX28: 10111665 | LZ28: 8710627.6 | MB28: 9681352 | MD28: 10006824 | MF28: 10541531 | MH28: 9185485 | MJ28: 10245914 | ML28: 10613921 | MN28: 11173484 | MP28: 9657919.8 | MR28: 10743586 | MT28: 11176054 | MV28: 11665197 | MX28: 9851251.1 | MZ28: 9363521.2 | NB28: 10686154 | ND28: 11348779 | NF28: 9646880.1 | NH28: 11084194 | NJ28: 11421189 | NL28: 12244377 | NN28: 10288970 | NP28: 11780639 | NR28: 11874224 | NT28: 12415274 | NV28: 10221435 | NX28: 11573421 | NZ28: 11993071 | OB28: 12470596 | OD28: 10288602 | OE28: p | OF28: 11704618 | OG28: p | OH28: 11858707 | OI28: p | OJ28: 12483418 | OK28: p | OL28: 10274214 | OM28: p | ON28: 11723295 | OO28: p | OP28: :
A29: Malta | B29: : | D29: : | F29: : | H29: : | J29: : | L29: : | N29: : | P29: : | R29: : | T29: : | V29: : | X29: : | Z29: : | AB29: : | AD29: : | AF29: : | AH29: : | AJ29: : | AL29: : | AN29: : | AP29: : | AR29: : | AT29: : | AV29: : | AX29: : | AZ29: : | BB29: : | BD29: : | BF29: : | BH29: : | BJ29: : | BL29: : | BN29: : | BP29: : | BR29: : | BT29: : | BV29: : | BX29: : | BZ29: : | CB29: : | CD29: : | CF29: : | CH29: : | CJ29: : | CL29: : | CN29: : | CP29: : | CR29: : | CT29: : | CV29: : | CX29: : | CZ29: : | DB29: : | DD29: : | DF29: : | DH29: : | DJ29: : | DL29: : | DN29: : | DP29: : | DR29: : | DT29: : | DV29: : | DX29: : | DZ29: : | EB29: : | ED29: : | EF29: : | EH29: : | EJ29: : | EL29: : | EN29: : | EP29: : | ER29: : | ET29: : | EV29: : | EX29: : | EZ29: : | FB29: : | FD29: : | FF29: : | FH29: : | FJ29: : | FL29: : | FN29: : | FP29: : | FR29: : | FT29: : | FV29: : | FX29: : | FZ29: : | GB29: : | GD29: : | GF29: : | GH29: : | GJ29: : | GL29: : | GN29: : | GP29: : | GR29: : | GT29: 1355.9 | GV29: 1505 | GX29: 1564.6 | GZ29: 1503.3 | HB29: 1363.5 | HD29: 1493.3 | HF29: 1559.3 | HH29: 1433 | HJ29: 1396.6 | HL29: 1517.3 | HN29: 1633.6 | HP29: 1508.9 | HR29: 1462.6 | HT29: 1591.9 | HV29: 1694.9 | HX29: 1578.1 | HZ29: 1461.4 | IB29: 1567.6 | ID29: 1660.8 | IF29: 1571.9 | IH29: 1456.4 | IJ29: 1580.2 | IL29: 1687 | IN29: 1580.1 | IP29: 1491.6 | IR29: 1634.1 | IT29: 1735.7 | IV29: 1619.4 | IX29: 1607 | IZ29: 1724.7 | JB29: 1825.5 | JD29: 1684.8 | JF29: 1708.2 | JH29: 1817.4 | JJ29: 1883.4 | JL29: 1775.8 | JN29: 1709.9 | JP29: 1794.6 | JR29: 1908.2 | JT29: 1812.2 | JV29: 1824.7 | JX29: 1908.7 | JZ29: 2020.6 | KB29: 1886.9 | KD29: 1838.4 | KF29: 1885.4 | KH29: 1961.1 | KJ29: 1886.6 | KL29: 1870.7 | KN29: 1989.1 | KP29: 2080.3 | KR29: 1993 | KT29: 2040.9 | KV29: 2134.8 | KX29: 2236.4 | KZ29: 2134.9 | LB29: 2210.3 | LD29: 2313.9 | LF29: 2438.7 | LH29: 2364 | LJ29: 2377.5 | LL29: 2559.2 | LN29: 2694.9 | LP29: 2546.9 | LR29: 2517.1 | LT29: 2651.4 | LV29: 2795.9 | LX29: 2637.2 | LZ29: 2863.5 | MB29: 3004.4 | MD29: 3112.1 | MF29: 3015.9 | MH29: 3036.2 | MJ29: 3246 | ML29: 3369.7 | MN29: 3238.6 | MP29: 3196.4 | MR29: 3363.8 | MT29: 3477.1 | MV29: 3393.1 | MX29: 3455.4 | MZ29: 3099.7 | NB29: 3323.2 | ND29: 3271.4 | NF29: 3510.6 | NH29: 3630.1 | NJ29: 3912.6 | NL29: 3800.2 | NN29: 3630.5 | NP29: 3795.5 | NR29: 4024.3 | NT29: 3960.8 | NV29: 3971.7 | NX29: 4189.8 | NZ29: 4310.9 | OB29: 4348.4 | OD29: 4206.2 | OF29: 4428.7 | OH29: 4539.4 | OJ29: 4506.1 | OL29: 4406.9 | ON29: 4597.6 | OP29: :
A30: Netherlands | B30: : | D30: : | F30: : | H30: : | J30: : | L30: : | N30: : | P30: : | R30: : | T30: : | V30: : | X30: : | Z30: : | AB30: : | AD30: : | AF30: : | AH30: : | AJ30: : | AL30: : | AN30: : | AP30: : | AR30: : | AT30: : | AV30: : | AX30: : | AZ30: : | BB30: : | BD30: : | BF30: : | BH30: : | BJ30: : | BL30: : | BN30: : | BP30: : | BR30: : | BT30: : | BV30: : | BX30: : | BZ30: : | CB30: : | CD30: : | CF30: : | CH30: : | CJ30: : | CL30: : | CN30: : | CP30: : | CR30: : | CT30: : | CV30: : | CX30: : | CZ30: : | DB30: : | DD30: : | DF30: : | DH30: : | DJ30: : | DL30: : | DN30: : | DP30: : | DR30: : | DT30: : | DV30: : | DX30: : | DZ30: : | EB30: : | ED30: : | EF30: : | EH30: : | EJ30: : | EL30: : | EN30: : | EP30: : | ER30: : | ET30: : | EV30: : | EX30: : | EZ30: : | FB30: : | FD30: : | FF30: 113443.9 | FH30: 115660.6 | FJ30: 111132.4 | FL30: 117687.8 | FN30: 115777.1 | FP30: 119729.7 | FR30: 115294.3 | FT30: 121397.8 | FV30: 120169.9 | FX30: 124909.6 | FZ30: 120532.2 | GB30: 127262.2 | GD30: 127198.1 | GF30: 130769.4 | GH30: 125353.3 | GJ30: 132268.4 | GL30: 132397.8 | GN30: 136262 | GP30: 131437.7 | GR30: 140093.6 | GT30: 139324.8 | GV30: 142718.6 | GX30: 137743.6 | GZ30: 144401.1 | HB30: 143587.8 | HD30: 147001.3 | HF30: 140647.7 | HH30: 146257.8 | HJ30: 143080.8 | HL30: 147528 | HN30: 142021 | HP30: 146128.1 | HR30: 144471.1 | HT30: 146731.8 | HV30: 141161 | HX30: 146737.9 | HZ30: 146556.5 | IB30: 149607.3 | ID30: 144737.8 | IF30: 150383.5 | IH30: 148129.7 | IJ30: 153333.8 | IL30: 148128.8 | IN30: 153925.9 | IP30: 153515 | IR30: 158759.2 | IT30: 152943.5 | IV30: 159123.7 | IX30: 158754.2 | IZ30: 164190.8 | JB30: 159778.3 | JD30: 166465.8 | JF30: 164725.9 | JH30: 170050.8 | JJ30: 164004.3 | JL30: 166332.8 | JN30: 158797.5 | JP30: 162842.5 | JR30: 158223.6 | JT30: 163150.9 | JV30: 158856.8 | JX30: 166284 | JZ30: 161006.1 | KB30: 166435.4 | KD30: 164113.4 | KF30: 170603 | KH30: 164255.3 | KJ30: 167465.9 | KL30: 162675.9 | KN30: 170094.1 | KP30: 162488.2 | KR30: 166242.8 | KT30: 160731.2 | KV30: 170306.7 | KX30: 163662.3 | KZ30: 169247 | LB30: 163396 | LD30: 172990.5 | LF30: 165871.1 | LH30: 172661.3 | LJ30: 166342.2 | LL30: 176327.2 | LN30: 169955.9 | LP30: 175336.9 | LR30: 169865.6 | LT30: 180668.9 | LV30: 173693.6 | LX30: 179180 | LZ30: 175078 | MB30: 185815.2 | MD30: 178391.6 | MF30: 183728.6 | MH30: 179164.1 | MJ30: 190645.2 | ML30: 182038.1 | MN30: 187167.2 | MP30: 183519.5 | MR30: 194996.4 | MT30: 186582.5 | MV30: 191583.3 | MX30: 183062.5 | MZ30: 177634.1 | NB30: 179525.1 | ND30: 185927.3 | NF30: 181050.5 | NH30: 199255.4 | NJ30: 193488.2 | NL30: 200908.1 | NN30: 195179 | NP30: 211448.4 | NR30: 201785.8 | NT30: 210287.9 | NV30: 197680.1 | NX30: 209833.6 | NZ30: 198819.4 | OB30: 207795 | OD30: 197194.9 | OF30: 211997.6 | OH30: 202171.4 | OJ30: 211687.8 | OL30: 201634.6 | ON30: 215735.1 | OP30: 205421.1
A31: Austria | B31: : | D31: : | F31: : | H31: : | J31: : | L31: : | N31: : | P31: : | R31: : | T31: : | V31: : | X31: : | Z31: : | AB31: : | AD31: : | AF31: : | AH31: : | AJ31: : | AL31: : | AN31: : | AP31: : | AR31: : | AT31: : | AV31: : | AX31: : | AZ31: : | BB31: : | BD31: : | BF31: : | BH31: : | BJ31: : | BL31: : | BN31: : | BP31: : | BR31: : | BT31: : | BV31: : | BX31: : | BZ31: : | CB31: : | CD31: : | CF31: : | CH31: : | CJ31: : | CL31: : | CN31: : | CP31: : | CR31: : | CT31: : | CV31: : | CX31: : | CZ31: : | DB31: : | DD31: : | DF31: : | DH31: : | DJ31: : | DL31: : | DN31: : | DP31: : | DR31: : | DT31: : | DV31: : | DX31: : | DZ31: : | EB31: : | ED31: : | EF31: : | EH31: : | EJ31: : | EL31: : | EN31: : | EP31: : | ER31: : | ET31: : | EV31: : | EX31: : | EZ31: : | FB31: : | FD31: : | FF31: 54844.9 | FH31: 58283.2 | FJ31: 58118.4 | FL31: 60510.1 | FN31: 56054.8 | FP31: 59157.1 | FR31: 59306.3 | FT31: 61308.3 | FV31: 57212.8 | FX31: 60334.6 | FZ31: 60345.7 | GB31: 63074.9 | GD31: 59293.6 | GF31: 62683.7 | GH31: 62711.6 | GJ31: 65388 | GL31: 60984.1 | GN31: 64844.2 | GP31: 65023.9 | GR31: 67918.1 | GT31: 63632.3 | GV31: 67002.7 | GX31: 67067.2 | GZ31: 70441.5 | HB31: 65747.3 | HD31: 68159.8 | HF31: 67894.8 | HH31: 70328.3 | HJ31: 66729.4 | HL31: 68993.7 | HN31: 69049.8 | HP31: 71123.4 | HR31: 66558.9 | HT31: 69549.5 | HV31: 70615.7 | HX31: 72788.6 | HZ31: 67992.8 | IB31: 71921.5 | ID31: 72471.9 | IF31: 74772.6 | IH31: 69581.7 | IJ31: 74252.8 | IL31: 73507.8 | IN31: 76883.6 | IP31: 73164 | IR31: 75936.2 | IT31: 75919.2 | IV31: 79650.7 | IX31: 76056.4 | IZ31: 79306.7 | JB31: 79135.8 | JD31: 81969.9 | JF31: 78494 | JH31: 81933.5 | JJ31: 80396.7 | JL31: 81000.2 | JN31: 74489.2 | JP31: 77087.5 | JR31: 77138.8 | JT31: 80221.7 | JV31: 74066.8 | JX31: 78215.6 | JZ31: 79410.4 | KB31: 83026.1 | KD31: 78073.5 | KF31: 81217.2 | KH31: 81329.5 | KJ31: 84345.7 | KL31: 79827.1 | KN31: 81098.8 | KP31: 81343.2 | KR31: 84166.9 | KT31: 78789.9 | KV31: 80813.9 | KX31: 81297.2 | KZ31: 85109.5 | LB31: 79480.2 | LD31: 81233.5 | LF31: 81866.5 | LH31: 85857.2 | LJ31: 80291.3 | LL31: 82035.2 | LN31: 82815.3 | LP31: 86831.7 | LR31: 82025.9 | LT31: 84202.8 | LV31: 83996.7 | LX31: 88655.9 | LZ31: 84805.6 | MB31: 85681.5 | MD31: 85787.4 | MF31: 90732.2 | MH31: 86523.6 | MJ31: 88117.3 | ML31: 87824.4 | MN31: 94010.1 | MP31: 89362 | MR31: 89921.3 | MT31: 89589.9 | MV31: 93974.1 | MX31: 87167.4 | MZ31: 77897.2 | NB31: 86173.4 | ND31: 89291.9 | NF31: 82121.8 | NH31: 88556.9 | NJ31: 90052.2 | NL31: 95113.1 | NN31: 91241.5 | NP31: 94880.1 | NR31: 94049.5 | NT31: 98710.7 | NV31: 94059.4 | NX31: 93360.3 | NZ31: 91575.3 | OB31: 95975 | OD31: 91815.1 | OF31: 92032 | OH31: 90967.2 | OJ31: 96576.6 | OL31: 91746.7 | ON31: 92242.1 | OP31: :
A32: Poland | B32: : | D32: : | F32: : | H32: : | J32: : | L32: : | N32: : | P32: : | R32: : | T32: : | V32: : | X32: : | Z32: : | AB32: : | AD32: : | AF32: : | AH32: : | AJ32: : | AL32: : | AN32: : | AP32: : | AR32: : | AT32: : | AV32: : | AX32: : | AZ32: : | BB32: : | BD32: : | BF32: : | BH32: : | BJ32: : | BL32: : | BN32: : | BP32: : | BR32: : | BT32: : | BV32: : | BX32: : | BZ32: : | CB32: : | CD32: : | CF32: : | CH32: : | CJ32: : | CL32: : | CN32: : | CP32: : | CR32: : | CT32: : | CV32: : | CX32: : | CZ32: : | DB32: : | DD32: : | DF32: : | DH32: : | DJ32: : | DL32: : | DN32: : | DP32: : | DR32: : | DT32: : | DV32: : | DX32: : | DZ32: : | EB32: : | ED32: : | EF32: : | EH32: : | EJ32: : | EL32: : | EN32: : | EP32: : | ER32: : | ET32: : | EV32: : | EX32: : | EZ32: : | FB32: : | FD32: : | FF32: 185687.5 | FH32: 199760.9 | FJ32: 212717.6 | FL32: 227539.5 | FN32: 201061.5 | FP32: 216491.7 | FR32: 222789.2 | FT32: 231167.8 | FV32: 212303.8 | FX32: 225182.7 | FZ32: 228170.3 | GB32: 255581.2 | GD32: 224077.8 | GF32: 232762.3 | GH32: 237958.1 | GJ32: 267332.7 | GL32: 227499.8 | GN32: 240654.7 | GP32: 249791.5 | GR32: 287079.3 | GT32: 241076.1 | GV32: 254602.1 | GX32: 255551.6 | GZ32: 298209.5 | HB32: 248955 | HD32: 255943.8 | HF32: 261249.3 | HH32: 297257.2 | HJ32: 253144.1 | HL32: 261965.5 | HN32: 267070.7 | HP32: 300537 | HR32: 259285.7 | HT32: 270154.7 | HV32: 277745.3 | HX32: 311722.7 | HZ32: 276308 | IB32: 287892.8 | ID32: 287354.5 | IF32: 328033.7 | IH32: 281870.8 | IJ32: 300048.3 | IL32: 296505.9 | IN32: 337925.6 | IP32: 305087.9 | IR32: 315684 | IT32: 318554.7 | IV32: 352178.5 | IX32: 328059.3 | IZ32: 332883.7 | JB32: 334515.9 | JD32: 383857 | JF32: 344849 | JH32: 350128.5 | JJ32: 345085.3 | JL32: 396538.7 | JN32: 351095.8 | JP32: 354757.9 | JR32: 357475.3 | JT32: 414742.9 | JV32: 359981.9 | JX32: 366090.6 | JZ32: 368878.5 | KB32: 429162.2 | KD32: 373255 | KF32: 385572.6 | KH32: 392485.1 | KJ32: 451985.2 | KL32: 384601.3 | KN32: 391855.4 | KP32: 396815.7 | KR32: 451541.3 | KT32: 381646 | KV32: 395910.5 | KX32: 401009.3 | KZ32: 456114 | LB32: 397818.6 | LD32: 409292.5 | LF32: 415962.9 | LH32: 474216.6 | LJ32: 411758.2 | LL32: 425195.4 | LN32: 435505.4 | LP32: 502356.8 | LR32: 423595 | LT32: 439820 | LV32: 443635.6 | LX32: 519193.4 | LZ32: 451199.4 | MB32: 460109.9 | MD32: 468440.7 | MF32: 537951.8 | MH32: 478499.8 | MJ32: 490771 | ML32: 500068.6 | MN32: 568062.9 | MP32: 502194 | MR32: 515106.7 | MT32: 523544.4 | MV32: 587840 | MX32: 515596.8 | MZ32: 475485.3 | NB32: 515651.8 | ND32: 578095.2 | NF32: 515192.2 | NH32: 527903.6 | NJ32: 549046.2 | NL32: 630897 | NN32: 563631 | NP32: 558489 | NR32: 582879 | NT32: 639328.6 | NV32: 563232.9 | NX32: 558446 | NZ32: 591790.9 | OB32: 661423 | OD32: 569280.2 | OF32: 581442 | OH32: 593521.2 | OJ32: 679844.6 | OL32: 581062.2 | ON32: 594051.5 | OP32: :
A33: Portugal | B33: : | D33: : | F33: : | H33: : | J33: : | L33: : | N33: : | P33: : | R33: : | T33: : | V33: : | X33: : | Z33: : | AB33: : | AD33: : | AF33: : | AH33: : | AJ33: : | AL33: : | AN33: : | AP33: : | AR33: : | AT33: : | AV33: : | AX33: : | AZ33: : | BB33: : | BD33: : | BF33: : | BH33: : | BJ33: : | BL33: : | BN33: : | BP33: : | BR33: : | BT33: : | BV33: : | BX33: : | BZ33: : | CB33: : | CD33: : | CF33: : | CH33: : | CJ33: : | CL33: : | CN33: : | CP33: : | CR33: : | CT33: : | CV33: : | CX33: : | CZ33: : | DB33: : | DD33: : | DF33: : | DH33: : | DJ33: : | DL33: : | DN33: : | DP33: : | DR33: : | DT33: : | DV33: : | DX33: : | DZ33: : | EB33: : | ED33: : | EF33: : | EH33: : | EJ33: : | EL33: : | EN33: : | EP33: : | ER33: : | ET33: : | EV33: : | EX33: : | EZ33: : | FB33: : | FD33: : | FF33: 33479.7 | FH33: 34023.4 | FJ33: 33969.1 | FL33: 34479.4 | FN33: 34324.9 | FP33: 35033 | FR33: 35141.3 | FT33: 35715.2 | FV33: 35856.2 | FX33: 36624.5 | FZ33: 36585.9 | GB33: 37212.4 | GD33: 37462.4 | GF33: 38120.7 | GH33: 37996.9 | GJ33: 38573 | GL33: 38653.5 | GN33: 39183.5 | GP33: 39266.6 | GR33: 40071.4 | GT33: 40251.4 | GV33: 40565.7 | GX33: 40788.6 | GZ33: 41397.6 | HB33: 41040 | HD33: 41800.4 | HF33: 41540.9 | HH33: 42258.8 | HJ33: 41796.3 | HL33: 42331.7 | HN33: 41768.9 | HP33: 41853.5 | HR33: 41303.2 | HT33: 41568.3 | HV33: 41513.9 | HX33: 41974.6 | HZ33: 41894.1 | IB33: 42552.2 | ID33: 42232.3 | IF33: 42436.5 | IH33: 42131.6 | IJ33: 42755.1 | IL33: 42320.8 | IN33: 42732 | IP33: 42317.2 | IR33: 43146 | IT33: 43433.6 | IV33: 43811.5 | IX33: 43567.4 | IZ33: 44377.9 | JB33: 44434.5 | JD33: 45207.4 | JF33: 44408.5 | JH33: 45091.1 | JJ33: 44847 | JL33: 44385 | JN33: 42878.6 | JP33: 43561.4 | JR33: 43792.6 | JT33: 43838.4 | JV33: 43326.4 | JX33: 44358.2 | JZ33: 44743.6 | KB33: 44335.9 | KD33: 43574.8 | KF33: 44150 | KH33: 44065.2 | KJ33: 43182.2 | KL33: 42277.3 | KN33: 42377.4 | KP33: 42692.3 | KR33: 41965.3 | KT33: 41200.9 | KV33: 42242.1 | KX33: 42536.8 | KZ33: 42255.5 | LB33: 41365.9 | LD33: 42490.2 | LF33: 42638.3 | LH33: 42208.1 | LJ33: 41801.1 | LL33: 43029.1 | LN33: 43219.7 | LP33: 42940.4 | LR33: 42484.3 | LT33: 43561.9 | LV33: 43962.2 | LX33: 43935.1 | LZ33: 43805.9 | MB33: 44939.6 | MD33: 45370 | MF33: 45329.8 | MH33: 45024.1 | MJ33: 46395 | ML33: 46571.7 | MN33: 46632.4 | MP33: 46551 | MR33: 47756.1 | MT33: 47806.4 | MV33: 47521.2 | MX33: 45552.2 | MZ33: 39760.2 | NB33: 44999.5 | ND33: 44792.4 | NF33: 43400.4 | NH33: 45712 | NJ33: 47152.9 | NL33: 48146.6 | NN33: 47232.3 | NP33: 49386.6 | NR33: 50060.8 | NT33: 50482.5 | NV33: 49170.2 | NX33: 50913.2 | NZ33: 51458 | OB33: 51701.3 | OD33: 49750.9 | OE33: p | OF33: 51833.9 | OG33: p | OH33: 52544.4 | OI33: p | OJ33: 53138.9 | OK33: p | OL33: 50623.9 | OM33: p | ON33: 52783.2 | OO33: p | OP33: :
A34: Romania | B34: : | D34: : | F34: : | H34: : | J34: : | L34: : | N34: : | P34: : | R34: : | T34: : | V34: : | X34: : | Z34: : | AB34: : | AD34: : | AF34: : | AH34: : | AJ34: : | AL34: : | AN34: : | AP34: : | AR34: : | AT34: : | AV34: : | AX34: : | AZ34: : | BB34: : | BD34: : | BF34: : | BH34: : | BJ34: : | BL34: : | BN34: : | BP34: : | BR34: : | BT34: : | BV34: : | BX34: : | BZ34: : | CB34: : | CD34: : | CF34: : | CH34: : | CJ34: : | CL34: : | CN34: : | CP34: : | CR34: : | CT34: : | CV34: : | CX34: : | CZ34: : | DB34: : | DD34: : | DF34: : | DH34: : | DJ34: : | DL34: : | DN34: : | DP34: : | DR34: : | DT34: : | DV34: : | DX34: : | DZ34: : | EB34: : | ED34: : | EF34: : | EH34: : | EJ34: : | EL34: : | EN34: : | EP34: : | ER34: : | ET34: : | EV34: : | EX34: : | EZ34: : | FB34: : | FD34: : | FF34: 95646.2 | FH34: 114733.5 | FJ34: 149309.8 | FL34: 143584.3 | FN34: 99342.3 | FP34: 116030.7 | FR34: 153354.6 | FT34: 152587.5 | FV34: 90716.2 | FX34: 102813.3 | FZ34: 145545.1 | GB34: 149600 | GD34: 75848.2 | GF34: 96746.9 | GH34: 141652.6 | GJ34: 147871.1 | GL34: 83634 | GN34: 101018.3 | GP34: 137406.8 | GR34: 142736.3 | GT34: 82345.9 | GV34: 104074.3 | GX34: 137168.6 | GZ34: 154005 | HB34: 88274.4 | HD34: 111316.7 | HF34: 144885 | HH34: 160637.2 | HJ34: 94737.3 | HL34: 122007 | HN34: 148653.4 | HP34: 165253.2 | HR34: 95076.7 | HT34: 124557.7 | HV34: 153108.2 | HX34: 170002.2 | HZ34: 104120.8 | IB34: 133000.4 | ID34: 169981.5 | IF34: 193222.9 | IH34: 112573 | IJ34: 140731.7 | IL34: 173030.9 | IN34: 198110.2 | IP34: 123605.2 | IR34: 153863.5 | IT34: 187545 | IV34: 212477.6 | IX34: 136460 | IZ34: 165233.7 | JB34: 196209 | JD34: 227146.7 | JF34: 149152.9 | JH34: 183217.4 | JJ34: 218390.1 | JL34: 243110.5 | JN34: 139678.7 | JP34: 171903.8 | JR34: 209668.5 | JT34: 237358.4 | JV34: 139662 | JX34: 169862.5 | JZ34: 190616.4 | KB34: 219178.5 | KD34: 144309.6 | KF34: 176203.6 | KH34: 207181.8 | KJ34: 222477.7 | KL34: 150653.8 | KN34: 180037.2 | KP34: 208693.5 | KR34: 225802.2 | KT34: 143894.8 | KV34: 175784.2 | KX34: 214388 | KZ34: 234212.9 | LB34: 151320 | LD34: 180570.7 | LF34: 224144.9 | LH34: 244258.5 | LJ34: 156155.6 | LL34: 190242.8 | LN34: 227551.4 | LP34: 247724.8 | LR34: 161014.1 | LT34: 193883.6 | LV34: 235741.5 | LX34: 254164.5 | LZ34: 172334.8 | MB34: 211084.5 | MD34: 255875.6 | MF34: 276509 | MH34: 181544.5 | MJ34: 221786.8 | ML34: 267511.9 | MN34: 290220 | MP34: 189579.5 | MR34: 231595 | MT34: 272528.9 | MV34: 303858.2 | MX34: 194483.5 | MZ34: 210212.9 | NB34: 259702.3 | ND34: 299400 | NF34: 198521.1 | NH34: 233844.1 | NJ34: 275836.7 | NL34: 305692 | NN34: 203003.3 | NP34: 242093.7 | NR34: 283797.2 | NT34: 319374.4 | NV34: 203291.6 | NX34: 247973 | NZ34: 292455.3 | OB34: 325184.5 | OD34: 210179.8 | OE34: p | OF34: 251356.1 | OG34: p | OH34: 286890.8 | OI34: p | OJ34: 322156.4 | OK34: p | OL34: 210236.7 | OM34: p | ON34: 254411.5 | OO34: p | OP34: :
A35: Slovenia | B35: : | D35: : | F35: : | H35: : | J35: : | L35: : | N35: : | P35: : | R35: : | T35: : | V35: : | X35: : | Z35: : | AB35: : | AD35: : | AF35: : | AH35: : | AJ35: : | AL35: : | AN35: : | AP35: : | AR35: : | AT35: : | AV35: : | AX35: : | AZ35: : | BB35: : | BD35: : | BF35: : | BH35: : | BJ35: : | BL35: : | BN35: : | BP35: : | BR35: : | BT35: : | BV35: : | BX35: : | BZ35: : | CB35: : | CD35: : | CF35: : | CH35: : | CJ35: : | CL35: : | CN35: : | CP35: : | CR35: : | CT35: : | CV35: : | CX35: : | CZ35: : | DB35: : | DD35: : | DF35: : | DH35: : | DJ35: : | DL35: : | DN35: : | DP35: : | DR35: : | DT35: : | DV35: : | DX35: : | DZ35: : | EB35: : | ED35: : | EF35: : | EH35: : | EJ35: : | EL35: : | EN35: : | EP35: : | ER35: : | ET35: : | EV35: : | EX35: : | EZ35: : | FB35: : | FD35: : | FF35: : | FH35: : | FJ35: : | FL35: : | FN35: 5251.5 | FP35: 5695.1 | FR35: 5673.8 | FT35: 5896.4 | FV35: 5489.6 | FX35: 6046.7 | FZ35: 5979.6 | GB35: 6119.9 | GD35: 5733.7 | GF35: 6161.8 | GH35: 6096.2 | GJ35: 6289.6 | GL35: 5955.1 | GN35: 6548.2 | GP35: 6331.4 | GR35: 6569.9 | GT35: 6318.3 | GV35: 6699.1 | GX35: 6608.7 | GZ35: 6764.4 | HB35: 6568.4 | HD35: 6913.4 | HF35: 6832.5 | HH35: 6981 | HJ35: 6749.9 | HL35: 7118.4 | HN35: 7096.3 | HP35: 7317.8 | HR35: 6940.3 | HT35: 7416.2 | HV35: 7378 | HX35: 7506.6 | HZ35: 7233.1 | IB35: 7801.3 | ID35: 7710.1 | IF35: 7829.4 | IH35: 7408.3 | IJ35: 8145.4 | IL35: 8002.8 | IN35: 8145.3 | IP35: 7841.9 | IR35: 8539.5 | IT35: 8550.3 | IV35: 8720.8 | IX35: 8509.7 | IZ35: 9215 | JB35: 9212 | JD35: 9187.7 | JF35: 8975 | JH35: 9715.1 | JJ35: 9475.9 | JL35: 9046 | JN35: 8388.8 | JP35: 8850.5 | JR35: 8693 | JT35: 8637.5 | JV35: 8294.9 | JX35: 8989.7 | JZ35: 8897.5 | KB35: 8794.1 | KD35: 8485.6 | KF35: 8923.5 | KH35: 8879.4 | KJ35: 8801.6 | KL35: 8409.5 | KN35: 8667.6 | KP35: 8620 | KR35: 8493.3 | KT35: 8159.1 | KV35: 8636.9 | KX35: 8555.4 | KZ35: 8680.2 | LB35: 8421.1 | LD35: 8960.3 | LF35: 8918.8 | LH35: 8916.1 | LJ35: 8590.6 | LL35: 9126.9 | LN35: 9153.5 | LP35: 9175.4 | LR35: 8783.5 | LT35: 9449.7 | LV35: 9459.6 | LX35: 9491.6 | LZ35: 9267.9 | MB35: 9894.6 | MD35: 9892.6 | MF35: 10165.5 | MH35: 9617.4 | MJ35: 10313.8 | ML35: 10375.7 | MN35: 10636.5 | MP35: 10077.7 | MR35: 10678.8 | MT35: 10751.8 | MV35: 10929 | MX35: 10163.3 | MZ35: 9577.3 | NB35: 10602.6 | ND35: 10796 | NF35: 10318.1 | NH35: 11030.4 | NJ35: 11256 | NL35: 11779.1 | NN35: 10743.7 | NP35: 11503.7 | NR35: 11411.1 | NT35: 11905.3 | NV35: 10995.3 | NX35: 11849.2 | NZ35: 11713.1 | OB35: 12197.4 | OD35: 11278 | OF35: 11992.2 | OH35: 11905 | OJ35: 12401.5 | OL35: 11202.1 | ON35: 12068.3 | OP35: :
A36: Slovakia | B36: : | D36: : | F36: : | H36: : | J36: : | L36: : | N36: : | P36: : | R36: : | T36: : | V36: : | X36: : | Z36: : | AB36: : | AD36: : | AF36: : | AH36: : | AJ36: : | AL36: : | AN36: : | AP36: : | AR36: : | AT36: : | AV36: : | AX36: : | AZ36: : | BB36: : | BD36: : | BF36: : | BH36: : | BJ36: : | BL36: : | BN36: : | BP36: : | BR36: : | BT36: : | BV36: : | BX36: : | BZ36: : | CB36: : | CD36: : | CF36: : | CH36: : | CJ36: : | CL36: : | CN36: : | CP36: : | CR36: : | CT36: : | CV36: : | CX36: : | CZ36: : | DB36: : | DD36: : | DF36: : | DH36: : | DJ36: : | DL36: : | DN36: : | DP36: : | DR36: : | DT36: : | DV36: : | DX36: : | DZ36: : | EB36: : | ED36: : | EF36: : | EH36: : | EJ36: : | EL36: : | EN36: : | EP36: : | ER36: : | ET36: : | EV36: : | EX36: : | EZ36: : | FB36: : | FD36: : | FF36: 8701 | FH36: 9098.2 | FJ36: 9129 | FL36: 8906.5 | FN36: 9257.7 | FP36: 9799.6 | FR36: 9931.1 | FT36: 9592.9 | FV36: 9851 | FX36: 10411.9 | FZ36: 10612 | GB36: 9835.2 | GD36: 10114.8 | GF36: 10670.6 | GH36: 10601.7 | GJ36: 10638.8 | GL36: 10528.1 | GN36: 10936.6 | GP36: 10598.2 | GR36: 9905.3 | GT36: 9997 | GV36: 10883.7 | GX36: 10823.3 | GZ36: 10523.3 | HB36: 10196.8 | HD36: 11297.7 | HF36: 11319 | HH36: 11158 | HJ36: 10594.9 | HL36: 11538.7 | HN36: 12045.6 | HP36: 11591.7 | HR36: 11233.9 | HT36: 12034.3 | HV36: 12364.8 | HX36: 12018.2 | HZ36: 11378.9 | IB36: 12469.9 | ID36: 13202.4 | IF36: 12815 | IH36: 12000.8 | IJ36: 13345 | IL36: 14143.9 | IN36: 13350.6 | IP36: 13243.5 | IR36: 14519 | IT36: 15333.1 | IV36: 15200.1 | IX36: 14479.9 | IZ36: 16069 | JB36: 17225.5 | JD36: 16990.3 | JF36: 15916.7 | JH36: 17157.7 | JJ36: 18273.3 | JL36: 17296.9 | JN36: 14756.8 | JP36: 16185.4 | JR36: 17315.2 | JT36: 16867.5 | JV36: 15955.7 | JX36: 17335.9 | JZ36: 18459.2 | KB36: 17924.9 | KD36: 16327.9 | KF36: 17632.8 | KH36: 18875.2 | KJ36: 18109.1 | KL36: 16881.2 | KN36: 18102.5 | KP36: 19245.2 | KR36: 18457.4 | KT36: 16892.2 | KV36: 18111.6 | KX36: 19173.2 | KZ36: 18689.5 | LB36: 17296.5 | LD36: 18609.1 | LF36: 19757.6 | LH36: 19134.9 | LJ36: 18158.8 | LL36: 19433.8 | LN36: 20684.7 | LP36: 20200.9 | LR36: 18482.4 | LT36: 19980.1 | LV36: 21034.7 | LX36: 20609.8 | LZ36: 18783 | MB36: 20517.7 | MD36: 21509.9 | MF36: 21085.9 | MH36: 19459.1 | MJ36: 21338.9 | ML36: 22517.1 | MN36: 21830.7 | MP36: 20095.2 | MR36: 21777.7 | MT36: 22638.8 | MV36: 22195.6 | MX36: 19867.2 | MZ36: 19865.8 | NB36: 22627 | ND36: 22295 | NF36: 20374.2 | NH36: 22280.9 | NJ36: 23296.7 | NL36: 22989.7 | NN36: 20405.1 | NP36: 22189.9 | NR36: 23457.6 | NT36: 22973.1 | NV36: 21338.5 | NX36: 23112.9 | NZ36: 24255.7 | OB36: 24284.7 | OD36: 21774.8 | OF36: 23530.8 | OH36: 24553.7 | OJ36: 24223.8 | OL36: 21946.6 | ON36: 23528.8 | OP36: :
A37: Finland | B37: : | D37: : | F37: : | H37: : | J37: : | L37: : | N37: : | P37: : | R37: : | T37: : | V37: : | X37: : | Z37: : | AB37: : | AD37: : | AF37: : | AH37: : | AJ37: : | AL37: : | AN37: : | AP37: : | AR37: : | AT37: : | AV37: : | AX37: : | AZ37: : | BB37: : | BD37: : | BF37: : | BH37: : | BJ37: : | BL37: : | BN37: : | BP37: : | BR37: : | BT37: : | BV37: : | BX37: : | BZ37: : | CB37: : | CD37: : | CF37: : | CH37: : | CJ37: : | CL37: : | CN37: : | CP37: : | CR37: : | CT37: : | CV37: : | CX37: : | CZ37: : | DB37: : | DD37: : | DF37: : | DH37: : | DJ37: : | DL37: : | DN37: : | DP37: : | DR37: 31445.6 | DT37: 33027.6 | DV37: 32033.1 | DX37: 33414.3 | DZ37: 29505.6 | EB37: 31062.1 | ED37: 30179.2 | EF37: 31356.4 | EH37: 28393.3 | EJ37: 29914.7 | EL37: 29368.6 | EN37: 30722.1 | EP37: 27925.8 | ER37: 29568.3 | ET37: 29480.1 | EV37: 31183.2 | EX37: 28499.5 | EZ37: 30629.7 | FB37: 31032.3 | FD37: 33434.5 | FF37: 30090 | FH37: 32774.7 | FJ37: 32092.6 | FL37: 33889.2 | FN37: 31474.3 | FP37: 33361.2 | FR37: 33088.1 | FT37: 35754.8 | FV37: 32069.3 | FX37: 35236.3 | FZ37: 35473.3 | GB37: 39272.5 | GD37: 34372.6 | GF37: 37274.1 | GH37: 37326.1 | GJ37: 40609 | GL37: 36751.4 | GN37: 39191.7 | GP37: 38686 | GR37: 41922.2 | GT37: 39191.7 | GV37: 41465.3 | GX37: 41355.9 | GZ37: 44613.3 | HB37: 40936.2 | HD37: 43027.1 | HF37: 42406.6 | HH37: 44888.5 | HJ37: 41065.9 | HL37: 43923.8 | HN37: 42860.3 | HP37: 45659.8 | HR37: 41427.1 | HT37: 44091.6 | HV37: 43750.6 | HX37: 46287.7 | HZ37: 43128 | IB37: 45596 | ID37: 44873.6 | IF37: 48767.4 | IH37: 44908.6 | IJ37: 46923 | IL37: 46304.7 | IN37: 48934.2 | IP37: 46670.1 | IR37: 48601.6 | IT37: 47851.6 | IV37: 51035.6 | IX37: 48802.4 | IZ37: 51566.9 | JB37: 50942.2 | JD37: 54534.2 | JF37: 50480 | JH37: 52697.3 | JJ37: 51448.9 | JL37: 53105.2 | JN37: 45862.7 | JP37: 47496.7 | JR37: 47030.3 | JT37: 49426.1 | JV37: 46286.6 | JX37: 49313.5 | JZ37: 48098 | KB37: 52218.1 | KD37: 48089.5 | KF37: 50079.5 | KH37: 49166.8 | KJ37: 51968.5 | KL37: 47696.4 | KN37: 49115.8 | KP37: 47884.5 | KR37: 50527.8 | KT37: 46087.9 | KV37: 48723.8 | KX37: 48037.5 | KZ37: 50137.9 | LB37: 45908.4 | LD37: 48360.5 | LF37: 47867.5 | LH37: 50005.1 | LJ37: 45759.7 | LL37: 48595.3 | LN37: 47889.8 | LP37: 50485.3 | LR37: 46703.1 | LT37: 49808.5 | LV37: 49127.5 | LX37: 51580.7 | LZ37: 48623.9 | MB37: 51544.5 | MD37: 50968.7 | MF37: 53484.5 | MH37: 49707.6 | MJ37: 52167.1 | ML37: 51066.5 | MN37: 53309.2 | MP37: 50222.9 | MR37: 52881.1 | MT37: 52177.8 | MV37: 54313.2 | MX37: 50486.4 | MZ37: 49199.8 | NB37: 50759.4 | ND37: 54061.4 | NF37: 49278.4 | NH37: 52711.1 | NJ37: 52533.7 | NL37: 55612.6 | NN37: 50852.9 | NP37: 53790.5 | NR37: 52775.9 | NT37: 54976.2 | NV37: 51731.5 | NX37: 54037 | NZ37: 52016.3 | OB37: 54253.7 | OD37: 50714.8 | OF37: 53720.4 | OH37: 53099.9 | OJ37: 55230.1 | OL37: 51234.3 | ON37: 53492 | OP37: :
A38: Sweden | B38: : | D38: : | F38: : | H38: : | J38: : | L38: : | N38: : | P38: : | R38: : | T38: : | V38: : | X38: : | Z38: : | AB38: : | AD38: : | AF38: : | AH38: : | AJ38: : | AL38: : | AN38: : | AP38: : | AR38: : | AT38: : | AV38: : | AX38: : | AZ38: : | BB38: : | BD38: : | BF38: : | BH38: : | BJ38: : | BL38: : | BN38: : | BP38: : | BR38: : | BT38: : | BV38: : | BX38: : | BZ38: : | CB38: : | CD38: : | CF38: : | CH38: : | CJ38: : | CL38: : | CN38: : | CP38: : | CR38: : | CT38: : | CV38: : | CX38: : | CZ38: : | DB38: : | DD38: : | DF38: : | DH38: : | DJ38: : | DL38: : | DN38: : | DP38: : | DR38: : | DT38: : | DV38: : | DX38: : | DZ38: : | EB38: : | ED38: : | EF38: : | EH38: : | EJ38: : | EL38: : | EN38: : | EP38: 571743.5 | ER38: 588775.1 | ET38: 538497.5 | EV38: 624759.6 | EX38: 593476.9 | EZ38: 611461.2 | FB38: 555491.2 | FD38: 663002 | FF38: 635370 | FH38: 641775.2 | FJ38: 577886.1 | FL38: 686032.3 | FN38: 651094.7 | FP38: 649927.4 | FR38: 593550.1 | FT38: 694983.2 | FV38: 641099.4 | FX38: 685173 | FZ38: 620216 | GB38: 727197.4 | GD38: 675557.3 | GF38: 704197.5 | GH38: 647625.8 | GJ38: 760292 | GL38: 705203.1 | GN38: 734034.3 | GP38: 674733.4 | GR38: 792823.5 | GT38: 737282.8 | GV38: 777238.6 | GX38: 712739.3 | GZ38: 833709.3 | HB38: 766204.8 | HD38: 787265 | HF38: 719361.6 | HH38: 828808 | HJ38: 776254.8 | HL38: 820031.4 | HN38: 734707.6 | HP38: 839605.3 | HR38: 793029.7 | HT38: 823501.1 | HV38: 752250.8 | HX38: 863190.2 | HZ38: 819465.8 | IB38: 863134.6 | ID38: 785163.6 | IF38: 909897.9 | IH38: 828697 | IJ38: 895323.7 | IL38: 808592.8 | IN38: 933923.8 | IP38: 885971.4 | IR38: 926369.9 | IT38: 841869.1 | IV38: 981667.4 | IX38: 920420 | IZ38: 960869.8 | JB38: 867545.3 | JD38: 1003776.2 | JF38: 929238.8 | JH38: 976691.3 | JJ38: 865066 | JL38: 945664.4 | JN38: 866219 | JP38: 910875.8 | JR38: 825017.6 | JT38: 944620.1 | JV38: 885086.9 | JX38: 964380.8 | JZ38: 886318.9 | KB38: 1020798.5 | KD38: 953846.1 | KF38: 1005557.8 | KH38: 919041.5 | KJ38: 1014924.4 | KL38: 955112.7 | KN38: 1000555.5 | KP38: 907744.3 | KR38: 1014447.3 | KT38: 951064.8 | KV38: 1006052.6 | KX38: 917838.9 | KZ38: 1045660.9 | LB38: 976103.9 | LD38: 1027969.5 | LF38: 938597.8 | LH38: 1069977.9 | LJ38: 1003298.2 | LL38: 1084239.1 | LN38: 975012.3 | LP38: 1121854.6 | LR38: 1022299.9 | LT38: 1106049.1 | LV38: 989610.1 | LX38: 1140312.6 | LZ38: 1070067.1 | MB38: 1109085.5 | MD38: 1005882.6 | MF38: 1158897.7 | MH38: 1081663.1 | MJ38: 1135814.4 | ML38: 1020955.1 | MN38: 1184713.6 | MP38: 1106983.3 | MR38: 1165564.6 | MT38: 1054643.8 | MV38: 1220306.8 | MX38: 1138144.7 | MZ38: 1074139.5 | NB38: 1032202.6 | ND38: 1200024.2 | NF38: 1140649.2 | NH38: 1201376.6 | NJ38: 1076475.7 | NL38: 1264458.6 | NN38: 1173794.3 | NP38: 1217953.7 | NR38: 1102858.7 | NT38: 1256082.5 | NV38: 1196662.1 | NX38: 1202206.4 | NZ38: 1106612.1 | OB38: 1260632.9 | OD38: 1188366.8 | OF38: 1214833.2 | OH38: 1124075.4 | OJ38: 1280003.2 | OL38: 1188549.4 | ON38: 1223722.7 | OP38: :
A39: Iceland | B39: : | D39: : | F39: : | H39: : | J39: : | L39: : | N39: : | P39: : | R39: : | T39: : | V39: : | X39: : | Z39: : | AB39: : | AD39: : | AF39: : | AH39: : | AJ39: : | AL39: : | AN39: : | AP39: : | AR39: : | AT39: : | AV39: : | AX39: : | AZ39: : | BB39: : | BD39: : | BF39: : | BH39: : | BJ39: : | BL39: : | BN39: : | BP39: : | BR39: : | BT39: : | BV39: : | BX39: : | BZ39: : | CB39: : | CD39: : | CF39: : | CH39: : | CJ39: : | CL39: : | CN39: : | CP39: : | CR39: : | CT39: : | CV39: : | CX39: : | CZ39: : | DB39: : | DD39: : | DF39: : | DH39: : | DJ39: : | DL39: : | DN39: : | DP39: : | DR39: : | DT39: : | DV39: : | DX39: : | DZ39: : | EB39: : | ED39: : | EF39: : | EH39: : | EJ39: : | EL39: : | EN39: : | EP39: : | ER39: : | ET39: : | EV39: : | EX39: : | EZ39: : | FB39: : | FD39: : | FF39: : | FH39: : | FJ39: : | FL39: : | FN39: : | FP39: : | FR39: : | FT39: : | FV39: : | FX39: : | FZ39: : | GB39: : | GD39: : | GF39: : | GH39: : | GJ39: : | GL39: : | GN39: : | GP39: : | GR39: : | GT39: : | GV39: : | GX39: : | GZ39: : | HB39: : | HD39: : | HF39: : | HH39: : | HJ39: : | HL39: : | HN39: : | HP39: : | HR39: : | HT39: : | HV39: : | HX39: : | HZ39: : | IB39: : | ID39: : | IF39: : | IH39: : | IJ39: : | IL39: : | IN39: : | IP39: : | IR39: : | IT39: : | IV39: : | IX39: : | IZ39: : | JB39: : | JD39: : | JF39: : | JH39: : | JJ39: : | JL39: : | JN39: : | JP39: : | JR39: : | JT39: : | JV39: : | JX39: : | JZ39: : | KB39: : | KD39: : | KF39: : | KH39: : | KJ39: : | KL39: : | KN39: : | KP39: : | KR39: : | KT39: : | KV39: : | KX39: : | KZ39: : | LB39: : | LD39: : | LF39: : | LH39: : | LJ39: : | LL39: : | LN39: : | LP39: : | LR39: : | LT39: : | LV39: : | LX39: : | LZ39: : | MB39: : | MD39: : | MF39: : | MH39: : | MJ39: : | ML39: : | MN39: : | MP39: : | MR39: : | MT39: : | MV39: : | MX39: : | MZ39: : | NB39: : | ND39: : | NF39: : | NH39: : | NJ39: : | NL39: : | NN39: : | NP39: : | NR39: : | NT39: : | NV39: : | NX39: : | NZ39: : | OB39: : | OD39: : | OF39: : | OH39: : | OJ39: : | OL39: : | ON39: : | OP39: :
A40: Norway | B40: : | D40: : | F40: : | H40: : | J40: : | L40: : | N40: : | P40: : | R40: : | T40: : | V40: : | X40: : | Z40: 276061.1 | AB40: 284211.5 | AD40: 284591.9 | AF40: 297806.9 | AH40: 290968 | AJ40: 279555.8 | AL40: 300431.2 | AN40: 319098.5 | AP40: 323610.5 | AR40: 308377.7 | AT40: 297612.3 | AV40: 323758.6 | AX40: 322414.2 | AZ40: 313091.7 | BB40: 307975.7 | BD40: 325244.8 | BF40: 323039.3 | BH40: 312755.9 | BJ40: 309312 | BL40: 329591.3 | BN40: 327875.9 | BP40: 329721.4 | BR40: 322275.4 | BT40: 344368.1 | BV40: 351964.1 | BX40: 344568.8 | BZ40: 351439.3 | CB40: 367384.5 | CD40: 373117.6 | CF40: 356706.5 | CH40: 364153.1 | CJ40: 389440.7 | CL40: 380445.9 | CN40: 374102.6 | CP40: 375819.9 | CR40: 404458.4 | CT40: 393816.3 | CV40: 392872.8 | CX40: 376572 | CZ40: 413191.2 | DB40: 404125.1 | DD40: 389039.2 | DF40: 385192.6 | DH40: 413072.9 | DJ40: 396862.5 | DL40: 407323.7 | DN40: 395076.4 | DP40: 424906.9 | DR40: 414895.5 | DT40: 403491.4 | DV40: 397730.5 | DX40: 438154.1 | DZ40: 422873.7 | EB40: 429471.6 | ED40: 413613.7 | EF40: 443972 | EH40: 447898.5 | EJ40: 430782.5 | EL40: 435715.1 | EN40: 457550 | EP40: 446182.5 | ER40: 438430.4 | ET40: 444700.6 | EV40: 488830.8 | EX40: 471090.9 | EZ40: 473807.5 | FB40: 460663.8 | FD40: 508835.1 | FF40: 495388.5 | FH40: 477371 | FJ40: 489702.5 | FL40: 526482.2 | FN40: 520599.8 | FP40: 503461.4 | FR40: 518124.8 | FT40: 538670 | FV40: 532401.7 | FX40: 548796 | FZ40: 533022.4 | GB40: 575599.5 | GD40: 572246.7 | GF40: 552305.6 | GH40: 539322.3 | GJ40: 577268.5 | GL40: 569120.6 | GN40: 554036.5 | GP40: 559637.6 | GR40: 603581.4 | GT40: 608786 | GV40: 568783 | GX40: 573548.9 | GZ40: 612545.2 | HB40: 610477.3 | HD40: 579208.9 | HF40: 588027.7 | HH40: 629645.8 | HJ40: 600775.6 | HL40: 611635.8 | HN40: 586076.2 | HP40: 634219.7 | HR40: 624840.8 | HT40: 591762.2 | HV40: 598353.9 | HX40: 638980.7 | HZ40: 652784.3 | IB40: 623044.8 | ID40: 610135.3 | IF40: 660821.9 | IH40: 643805.6 | IJ40: 650128.4 | IL40: 636499.6 | IN40: 680748.2 | IP40: 672930.4 | IR40: 642259.2 | IT40: 646278.1 | IV40: 702086.3 | IX40: 684981.3 | IZ40: 655440.8 | JB40: 664261.5 | JD40: 723288.1 | JF40: 680784.7 | JH40: 681746.8 | JJ40: 665297.9 | JL40: 719258.7 | JN40: 689700.2 | JP40: 649736.9 | JR40: 651465.9 | JT40: 698304.1 | JV40: 691319.6 | JX40: 666329.4 | JZ40: 639895.8 | KB40: 705332.6 | KD40: 689278.9 | KF40: 656220.7 | KH40: 666940.3 | KJ40: 713062.3 | KL40: 713286 | KN40: 687471.2 | KP40: 671589.8 | KR40: 724897 | KT40: 690374.3 | KV40: 704410.1 | KX40: 693030.8 | KZ40: 735912.1 | LB40: 716424.4 | LD40: 703589.8 | LF40: 706805.8 | LH40: 754903.4 | LJ40: 727570.8 | LL40: 721355.8 | LN40: 727044.9 | LP40: 757885.2 | LR40: 732891.9 | LT40: 739674.4 | LV40: 717171 | LX40: 774550.9 | LZ40: 769539.6 | MB40: 737636.8 | MD40: 741236.2 | MF40: 787379.3 | MH40: 762399 | MJ40: 755933.7 | ML40: 744262.6 | MN40: 795727.3 | MP40: 775308.6 | MR40: 750862.9 | MT40: 757519.7 | MV40: 812404.2 | MX40: 792285.9 | MZ40: 721606.1 | NB40: 746267.9 | ND40: 797491.1 | NF40: 793956.7 | NH40: 751768.7 | NJ40: 783365.4 | NL40: 845362.6 | NN40: 826742.9 | NP40: 787632 | NR40: 811502.8 | NT40: 862473.1 | NV40: 852610.4 | NX40: 786925.2 | NZ40: 785385 | OB40: 872029.2 | OD40: 855860.4 | OF40: 831939.5 | OH40: 816933.5 | OJ40: 870007.1 | OL40: 852344.6 | ON40: 812633.4 | OP40: :
A41: Switzerland | B41: : | D41: : | F41: : | H41: : | J41: : | L41: : | N41: : | P41: : | R41: : | T41: : | V41: : | X41: : | Z41: : | AB41: : | AD41: : | AF41: : | AH41: : | AJ41: : | AL41: : | AN41: : | AP41: : | AR41: : | AT41: : | AV41: : | AX41: : | AZ41: : | BB41: : | BD41: : | BF41: : | BH41: : | BJ41: : | BL41: : | BN41: : | BP41: : | BR41: : | BT41: : | BV41: : | BX41: : | BZ41: : | CB41: : | CD41: : | CF41: : | CH41: : | CJ41: : | CL41: : | CN41: : | CP41: : | CR41: : | CT41: : | CV41: : | CX41: : | CZ41: : | DB41: : | DD41: : | DF41: : | DH41: : | DJ41: : | DL41: : | DN41: : | DP41: : | DR41: : | DT41: : | DV41: : | DX41: : | DZ41: : | EB41: : | ED41: : | EF41: : | EH41: : | EJ41: : | EL41: : | EN41: : | EP41: : | ER41: : | ET41: : | EV41: : | EX41: : | EZ41: : | FB41: : | FD41: : | FF41: 110663.5 | FH41: 112223 | FJ41: 112432.5 | FL41: 115711.3 | FN41: 112051.1 | FP41: 112800.7 | FR41: 112120.2 | FT41: 116094 | FV41: 111507.3 | FX41: 114500.3 | FZ41: 115267.5 | GB41: 120066.9 | GD41: 116011.1 | GF41: 118831.6 | GH41: 118055.1 | GJ41: 121554.2 | GL41: 116712.5 | GN41: 118527.2 | GP41: 118629 | GR41: 126000.6 | GT41: 121375.5 | GV41: 122575.2 | GX41: 122911.3 | GZ41: 129094.7 | HB41: 124193.9 | HD41: 125888.1 | HF41: 125252.1 | HH41: 129612.9 | HJ41: 124723.4 | HL41: 126921.4 | HN41: 126403.4 | HP41: 129532.1 | HR41: 124211.5 | HT41: 125089.7 | HV41: 125725.1 | HX41: 131013.2 | HZ41: 127337.9 | IB41: 129214.7 | ID41: 128769.7 | IF41: 133100.1 | IH41: 129457.3 | IJ41: 132775.3 | IL41: 133200.6 | IN41: 138207.8 | IP41: 135458.7 | IR41: 137629.8 | IT41: 138262.3 | IV41: 143682 | IX41: 140101.1 | IZ41: 143504.2 | JB41: 144288.5 | JD41: 148702.9 | JF41: 144593.2 | JH41: 148655.4 | JJ41: 149046.8 | JL41: 149082.9 | JN41: 141644.7 | JP41: 143796.5 | JR41: 145244.4 | JT41: 149319.8 | JV41: 145924.5 | JX41: 148930.7 | JZ41: 149427 | KB41: 154147.7 | KD41: 149398.8 | KF41: 152216.5 | KH41: 151008.8 | KJ41: 155126 | KL41: 150921.5 | KN41: 153053.3 | KP41: 153590.1 | KR41: 157754.2 | KT41: 152745 | KV41: 156339 | KX41: 156786.6 | KZ41: 161016.4 | LB41: 156582.9 | LD41: 160012.3 | LF41: 160497 | LH41: 165804.8 | LJ41: 159490.5 | LL41: 162009.9 | LN41: 162624.6 | LP41: 168195.5 | LR41: 163028 | LT41: 166357.9 | LV41: 165739.8 | LX41: 169494.2 | LZ41: 164684.5 | MB41: 167421.1 | MD41: 167973.6 | MF41: 173934.5 | MH41: 170864.6 | MJ41: 175199 | ML41: 173304.5 | MN41: 178368.3 | MP41: 173075.8 | MR41: 176033.1 | MT41: 176040.8 | MV41: 180779.6 | MX41: 173227.7 | MZ41: 164073.9 | NB41: 173738.8 | ND41: 179763.8 | NF41: 175176.8 | NH41: 182243.8 | NJ41: 185395.8 | NL41: 190818.9 | NN41: 186166.7 | NP41: 189527.5 | NR41: 189650.4 | NT41: 194184.6 | NV41: 189641.7 | NX41: 190786.2 | NZ41: 190461.4 | OB41: 195600.4 | OD41: 190208.3 | OF41: 194501.9 | OH41: 194433.6 | OJ41: 198605.2 | OL41: 195012.1 | ON41: 196971.2 | OP41: :
A42: United Kingdom | B42: : | D42: : | F42: : | H42: : | J42: : | L42: : | N42: : | P42: : | R42: : | T42: : | V42: : | X42: : | Z42: : | AB42: : | AD42: : | AF42: : | AH42: : | AJ42: : | AL42: : | AN42: : | AP42: : | AR42: : | AT42: : | AV42: : | AX42: : | AZ42: : | BB42: : | BD42: : | BF42: : | BH42: : | BJ42: : | BL42: : | BN42: : | BP42: : | BR42: : | BT42: : | BV42: : | BX42: : | BZ42: : | CB42: : | CD42: : | CF42: : | CH42: : | CJ42: : | CL42: : | CN42: : | CP42: : | CR42: : | CT42: : | CV42: : | CX42: : | CZ42: : | DB42: : | DD42: : | DF42: : | DH42: : | DJ42: : | DL42: : | DN42: : | DP42: : | DR42: : | DT42: : | DV42: : | DX42: : | DZ42: : | EB42: : | ED42: : | EF42: : | EH42: : | EJ42: : | EL42: : | EN42: : | EP42: : | ER42: : | ET42: : | EV42: : | EX42: : | EZ42: : | FB42: : | FD42: : | FF42: : | FH42: : | FJ42: : | FL42: : | FN42: : | FP42: : | FR42: : | FT42: : | FV42: : | FX42: : | FZ42: : | GB42: : | GD42: : | GF42: : | GH42: : | GJ42: : | GL42: : | GN42: : | GP42: : | GR42: : | GT42: : | GV42: : | GX42: : | GZ42: : | HB42: : | HD42: : | HF42: : | HH42: : | HJ42: : | HL42: : | HN42: : | HP42: : | HR42: : | HT42: : | HV42: : | HX42: : | HZ42: : | IB42: : | ID42: : | IF42: : | IH42: : | IJ42: : | IL42: : | IN42: : | IP42: : | IR42: : | IT42: : | IV42: : | IX42: : | IZ42: : | JB42: : | JD42: : | JF42: : | JH42: : | JJ42: : | JL42: : | JN42: : | JP42: : | JR42: : | JT42: : | JV42: : | JX42: : | JZ42: : | KB42: : | KD42: : | KF42: : | KH42: : | KJ42: : | KL42: : | KN42: : | KP42: : | KR42: : | KT42: : | KV42: : | KX42: : | KZ42: : | LB42: : | LD42: : | LF42: : | LH42: : | LJ42: : | LL42: : | LN42: : | LP42: : | LR42: : | LT42: : | LV42: : | LX42: : | LZ42: : | MB42: : | MD42: : | MF42: : | MH42: : | MJ42: : | ML42: : | MN42: : | MP42: : | MR42: : | MT42: : | MV42: : | MX42: : | MZ42: : | NB42: : | ND42: : | NF42: : | NH42: : | NJ42: : | NL42: : | NN42: : | NP42: : | NR42: : | NT42: : | NV42: : | NX42: : | NZ42: : | OB42: : | OD42: : | OF42: : | OH42: : | OJ42: : | OL42: : | ON42: : | OP42: :
A43: Bosnia and Herzegovina | B43: : | D43: : | F43: : | H43: : | J43: : | L43: : | N43: : | P43: : | R43: : | T43: : | V43: : | X43: : | Z43: : | AB43: : | AD43: : | AF43: : | AH43: : | AJ43: : | AL43: : | AN43: : | AP43: : | AR43: : | AT43: : | AV43: : | AX43: : | AZ43: : | BB43: : | BD43: : | BF43: : | BH43: : | BJ43: : | BL43: : | BN43: : | BP43: : | BR43: : | BT43: : | BV43: : | BX43: : | BZ43: : | CB43: : | CD43: : | CF43: : | CH43: : | CJ43: : | CL43: : | CN43: : | CP43: : | CR43: : | CT43: : | CV43: : | CX43: : | CZ43: : | DB43: : | DD43: : | DF43: : | DH43: : | DJ43: : | DL43: : | DN43: : | DP43: : | DR43: : | DT43: : | DV43: : | DX43: : | DZ43: : | EB43: : | ED43: : | EF43: : | EH43: : | EJ43: : | EL43: : | EN43: : | EP43: : | ER43: : | ET43: : | EV43: : | EX43: : | EZ43: : | FB43: : | FD43: : | FF43: : | FH43: : | FJ43: : | FL43: : | FN43: : | FP43: : | FR43: : | FT43: : | FV43: : | FX43: : | FZ43: : | GB43: : | GD43: : | GF43: : | GH43: : | GJ43: : | GL43: : | GN43: : | GP43: : | GR43: : | GT43: 3733.1 | GV43: 4232.8 | GX43: 4704.9 | GZ43: 4626.2 | HB43: 3825.6 | HD43: 4337.7 | HF43: 4821.5 | HH43: 4740.8 | HJ43: 3983.7 | HL43: 4559.7 | HN43: 5078.6 | HP43: 5009.6 | HR43: 4166 | HT43: 4710.8 | HV43: 5264.9 | HX43: 5239.2 | HZ43: 4390.2 | IB43: 5033.3 | ID43: 5644.4 | IF43: 5605.6 | IH43: 4605.5 | IJ43: 5262.5 | IL43: 5862.7 | IN43: 5816.3 | IP43: 4921.7 | IR43: 5592.8 | IT43: 6210.4 | IV43: 6098.9 | IX43: 5492.8 | IZ43: 5987.5 | JB43: 6495.4 | JD43: 6248.9 | JF43: 5872.1 | JH43: 6341.3 | JJ43: 6821.4 | JL43: 6556.1 | JN43: 5715.1 | JP43: 6237.9 | JR43: 6650.3 | JT43: 6351.2 | JV43: 5748.9 | JX43: 6274.8 | JZ43: 6624.5 | KB43: 6489 | KD43: 5869.5 | KF43: 6359.5 | KH43: 6703.8 | KJ43: 6465.7 | KL43: 5777.4 | KN43: 6342.2 | KP43: 6698.2 | KR43: 6379.6 | KT43: 5923.2 | KV43: 6460.9 | KX43: 6797.8 | KZ43: 6622.1 | LB43: 6120.3 | LD43: 6453 | LF43: 6819.6 | LH43: 6712.1 | LJ43: 6165.1 | LK43: b | LL43: 6610.4 | LN43: 6922.9 | LP43: 6766 | LR43: 6300 | LT43: 6769.6 | LV43: 7180.1 | LX43: 7061.4 | LZ43: 6533.2 | MB43: 7000.7 | MD43: 7448 | MF43: 7234.3 | MH43: 6761.5 | MJ43: 7276.8 | ML43: 7712.5 | MN43: 7532.7 | MP43: 6935.4 | MR43: 7491.3 | MT43: 7976.5 | MV43: 7714.6 | MX43: 7145.9 | MZ43: 6917.4 | NB43: 7625.5 | ND43: 7603.2 | NF43: 7336.7 | NH43: 7695.8 | NJ43: 8135 | NL43: 8165.9 | NN43: 7734 | NP43: 8145.1 | NR43: 8382.5 | NT43: 8376 | NV43: 7917.1 | NX43: 8303.1 | NZ43: 8583.2 | OB43: 8501.6 | OD43: 8100.3 | OF43: 8481.3 | OH43: 8793.6 | OJ43: 8698.6 | OL43: 8193.8 | ON43: : | OP43: :
A44: Montenegro | B44: : | D44: : | F44: : | H44: : | J44: : | L44: : | N44: : | P44: : | R44: : | T44: : | V44: : | X44: : | Z44: : | AB44: : | AD44: : | AF44: : | AH44: : | AJ44: : | AL44: : | AN44: : | AP44: : | AR44: : | AT44: : | AV44: : | AX44: : | AZ44: : | BB44: : | BD44: : | BF44: : | BH44: : | BJ44: : | BL44: : | BN44: : | BP44: : | BR44: : | BT44: : | BV44: : | BX44: : | BZ44: : | CB44: : | CD44: : | CF44: : | CH44: : | CJ44: : | CL44: : | CN44: : | CP44: : | CR44: : | CT44: : | CV44: : | CX44: : | CZ44: : | DB44: : | DD44: : | DF44: : | DH44: : | DJ44: : | DL44: : | DN44: : | DP44: : | DR44: : | DT44: : | DV44: : | DX44: : | DZ44: : | EB44: : | ED44: : | EF44: : | EH44: : | EJ44: : | EL44: : | EN44: : | EP44: : | ER44: : | ET44: : | EV44: : | EX44: : | EZ44: : | FB44: : | FD44: : | FF44: : | FH44: : | FJ44: : | FL44: : | FN44: : | FP44: : | FR44: : | FT44: : | FV44: : | FX44: : | FZ44: : | GB44: : | GD44: : | GF44: : | GH44: : | GJ44: : | GL44: : | GN44: : | GP44: : | GR44: : | GT44: : | GV44: : | GX44: : | GZ44: : | HB44: : | HD44: : | HF44: : | HH44: : | HJ44: : | HL44: : | HN44: : | HP44: : | HR44: : | HT44: : | HV44: : | HX44: : | HZ44: : | IB44: : | ID44: : | IF44: : | IH44: : | IJ44: : | IL44: : | IN44: : | IP44: 447.2 | IR44: 671.4 | IT44: 916.7 | IV44: 697.9 | IX44: 485.1 | IZ44: 653.2 | JB44: 1020.2 | JD44: 746.1 | JF44: 527.9 | JH44: 759.6 | JJ44: 1024.2 | JL44: 787.6 | JN44: 564.7 | JP44: 667.5 | JR44: 991.8 | JT44: 745.6 | JV44: 607.1 | JX44: 688.2 | JZ44: 948.5 | KB44: 808.5 | KD44: 606.7 | KF44: 709.8 | KH44: 1025.7 | KJ44: 830.9 | KL44: 594.5 | KN44: 713.7 | KP44: 1024.4 | KR44: 778.8 | KT44: 595.5 | KV44: 732.9 | KX44: 1077.8 | KZ44: 825.3 | LB44: 624.9 | LD44: 742.1 | LF44: 1102.5 | LH44: 845.3 | LJ44: 649.2 | LL44: 773.4 | LN44: 1127 | LP44: 856.9 | LR44: 636.8 | LT44: 796.1 | LV44: 1171.3 | LX44: 903.2 | LZ44: 644.8 | MB44: 823.6 | MD44: 1195.6 | MF44: 942.6 | MH44: 677.9 | MJ44: 866.2 | ML44: 1281.8 | MN44: 982.8 | MP44: 694 | MR44: 908.6 | MT44: 1355.5 | MV44: 1025.1 | MX44: 716.7 | MZ44: 731.4 | NB44: 1007.5 | ND44: 971.1 | NF44: 788.2 | NH44: 895.4 | NJ44: 1175.2 | NL44: 1022 | NN44: 879.5 | NP44: 980.1 | NR44: 1241.7 | NT44: 1086.9 | NV44: 851.1 | NX44: 1061 | NZ44: 1382.1 | OB44: 1141.8 | OD44: 870.8 | OF44: 1060.1 | OH44: 1398.4 | OJ44: 1190.7 | OL44: 861.4 | OM44: p | ON44: 1090.3 | OO44: p | OP44: :
A45: North Macedonia | B45: : | D45: : | F45: : | H45: : | J45: : | L45: : | N45: : | P45: : | R45: : | T45: : | V45: : | X45: : | Z45: : | AB45: : | AD45: : | AF45: : | AH45: : | AJ45: : | AL45: : | AN45: : | AP45: : | AR45: : | AT45: : | AV45: : | AX45: : | AZ45: : | BB45: : | BD45: : | BF45: : | BH45: : | BJ45: : | BL45: : | BN45: : | BP45: : | BR45: : | BT45: : | BV45: : | BX45: : | BZ45: : | CB45: : | CD45: : | CF45: : | CH45: : | CJ45: : | CL45: : | CN45: : | CP45: : | CR45: : | CT45: : | CV45: : | CX45: : | CZ45: : | DB45: : | DD45: : | DF45: : | DH45: : | DJ45: : | DL45: : | DN45: : | DP45: : | DR45: : | DT45: : | DV45: : | DX45: : | DZ45: : | EB45: : | ED45: : | EF45: : | EH45: : | EJ45: : | EL45: : | EN45: : | EP45: : | ER45: : | ET45: : | EV45: : | EX45: : | EZ45: : | FB45: : | FD45: : | FF45: : | FH45: : | FJ45: : | FL45: : | FN45: : | FP45: : | FR45: : | FT45: : | FV45: : | FX45: : | FZ45: : | GB45: : | GD45: : | GF45: : | GH45: : | GJ45: : | GL45: : | GN45: : | GP45: : | GR45: : | GT45: 90952.9 | GV45: 92176.9 | GX45: 92356.7 | GZ45: 88724.6 | HB45: 84363 | HD45: 88246.1 | HF45: 86247.7 | HH45: 95549.8 | HJ45: 86238.7 | HL45: 87617.5 | HN45: 88499.9 | HP45: 96209.6 | HR45: 85767.5 | HT45: 89866.3 | HV45: 91202.4 | HX45: 100971.6 | HZ45: 84472.7 | IB45: 90694.6 | ID45: 96185.4 | IF45: 113527.2 | IH45: 87413.3 | IJ45: 96961.1 | IL45: 101002 | IN45: 115664.3 | IP45: 96308.6 | IR45: 104300.3 | IT45: 104866 | IV45: 113697.9 | IX45: 100585.1 | IZ45: 108772.5 | JB45: 113309.5 | JD45: 121373.1 | JF45: 102770.1 | JH45: 112462.7 | JJ45: 120315.3 | JL45: 133923.1 | JN45: 105033.1 | JP45: 116379.4 | JR45: 119452 | JT45: 127192.1 | JV45: 115566 | JX45: 120671.6 | JZ45: 125559.6 | KB45: 122225.7 | KD45: 115430.5 | KF45: 123441.1 | KH45: 126244.1 | KJ45: 128344.8 | KL45: 115682.8 | KN45: 123166.2 | KP45: 124947.8 | KR45: 126376.4 | KT45: 118462.8 | KV45: 127836 | KX45: 130960.9 | KZ45: 132102.5 | LB45: 126411.7 | LD45: 136333.5 | LF45: 136448 | LH45: 135557.5 | LJ45: 131656.1 | LL45: 138643.1 | LN45: 142928.6 | LP45: 145269.2 | LR45: 132781.4 | LT45: 141360.6 | LV45: 146059.7 | LX45: 149605.4 | LZ45: 137893 | MB45: 140751.2 | MD45: 146192.7 | MF45: 150192.8 | MH45: 139957.9 | MJ45: 145259 | ML45: 149451 | MN45: 157150.6 | MP45: 142582.6 | MR45: 151463.8 | MT45: 156741.3 | MV45: 163733.8 | MX45: 141919 | MZ45: 130048.3 | NB45: 152213 | ND45: 163901 | NF45: 139351.3 | NH45: 146066.2 | NJ45: 158047.4 | NL45: 168195.6 | NN45: 142649.3 | NP45: 152164 | NR45: 162206.4 | NT45: 172177.3 | NV45: 145157.3 | NW45: p | NX45: 156288.3 | NY45: p | NZ45: 166210 | OA45: p | OB45: 176164.6 | OC45: p | OD45: 148079 | OE45: e | OF45: 160346.2 | OG45: e | OH45: 170536 | OI45: e | OJ45: 181661.6 | OK45: e | OL45: 151930.5 | OM45: e | ON45: 165431.3 | OO45: e | OP45: :
A46: Albania | B46: : | D46: : | F46: : | H46: : | J46: : | L46: : | N46: : | P46: : | R46: : | T46: : | V46: : | X46: : | Z46: : | AB46: : | AD46: : | AF46: : | AH46: : | AJ46: : | AL46: : | AN46: : | AP46: : | AR46: : | AT46: : | AV46: : | AX46: : | AZ46: : | BB46: : | BD46: : | BF46: : | BH46: : | BJ46: : | BL46: : | BN46: : | BP46: : | BR46: : | BT46: : | BV46: : | BX46: : | BZ46: : | CB46: : | CD46: : | CF46: : | CH46: : | CJ46: : | CL46: : | CN46: : | CP46: : | CR46: : | CT46: : | CV46: : | CX46: : | CZ46: : | DB46: : | DD46: : | DF46: : | DH46: : | DJ46: : | DL46: : | DN46: : | DP46: : | DR46: : | DT46: : | DV46: : | DX46: : | DZ46: : | EB46: : | ED46: : | EF46: : | EH46: : | EJ46: : | EL46: : | EN46: : | EP46: : | ER46: : | ET46: : | EV46: : | EX46: : | EZ46: : | FB46: : | FD46: : | FF46: : | FH46: : | FJ46: : | FL46: : | FN46: 122519.5 | FP46: 164313.6 | FR46: 154149.6 | FT46: 158994 | FV46: 106170.6 | FX46: 145009.3 | FZ46: 138130.8 | GB46: 145978.8 | GD46: 111390.3 | GF46: 153665.6 | GH46: 150599.1 | GJ46: 161853.6 | GL46: 132610.7 | GN46: 176187.4 | GP46: 171191.9 | GR46: 178009 | GT46: 142848.5 | GV46: 183871.7 | GX46: 179083.1 | GZ46: 190362.6 | HB46: 155547.4 | HD46: 202641.5 | HF46: 197838 | HH46: 207101 | HJ46: 167097.7 | HL46: 208986.2 | HN46: 203909.1 | HP46: 219455.6 | HR46: 175467.9 | HT46: 219773.9 | HV46: 216696.9 | HX46: 224215.7 | HZ46: 181136.6 | IB46: 233138.3 | ID46: 228582.4 | IF46: 241454.3 | IH46: 192581.9 | IJ46: 249527.3 | IL46: 239785.9 | IN46: 246504.5 | IP46: 208045 | IR46: 255103.3 | IT46: 251517.6 | IV46: 269767 | IX46: 222024.2 | IZ46: 264823 | JB46: 262125.8 | JD46: 297206.9 | JF46: 242046.4 | JH46: 288084.8 | JJ46: 283560.4 | JL46: 295059.5 | JN46: 256455.8 | JP46: 311750.6 | JR46: 285388.1 | JT46: 288911.4 | JV46: 259160.5 | JX46: 312623.9 | JZ46: 298779.6 | KB46: 305120.2 | KD46: 278111.4 | KF46: 313419.6 | KH46: 306049.7 | KJ46: 318818.1 | KL46: 272931.1 | KN46: 323439.8 | KP46: 308958.1 | KR46: 323277.2 | KT46: 279502.6 | KV46: 336904 | KX46: 304929.6 | KZ46: 329038.2 | LB46: 288400.4 | LD46: 337199.7 | LF46: 318353 | LH46: 329737.6 | LJ46: 292844.7 | LL46: 341242.9 | LN46: 327846.6 | LP46: 343061 | LR46: 303232.2 | LT46: 352925.2 | LV46: 341412.5 | LX46: 358206.8 | LZ46: 314391.5 | MB46: 368715.1 | MD46: 350924.7 | MF46: 368560.1 | MH46: 327683.9 | MJ46: 383485.3 | ML46: 369569.8 | MN46: 374346.3 | MP46: 339033 | MR46: 393444.5 | MT46: 383107.1 | MV46: 377885.5 | MX46: 330810.3 | MZ46: 360615.9 | NB46: 374673.2 | ND46: 391104 | NF46: 347410.1 | NH46: 414105.5 | NJ46: 391614.4 | NL46: 404203 | NN46: 367497.2 | NP46: 425513.1 | NR46: 416444.5 | NT46: 429266.9 | NV46: 384459.6 | NX46: 448169.2 | NZ46: 440226.1 | OB46: 447032.7 | OD46: 397334.5 | OE46: p | OF46: 463068.9 | OG46: p | OH46: 455318.4 | OI46: p | OJ46: 459106.7 | OK46: p | OL46: 408775 | OM46: p | ON46: 477162.3 | OO46: p | OP46: :
A47: Serbia | B47: : | D47: : | F47: : | H47: : | J47: : | L47: : | N47: : | P47: : | R47: : | T47: : | V47: : | X47: : | Z47: : | AB47: : | AD47: : | AF47: : | AH47: : | AJ47: : | AL47: : | AN47: : | AP47: : | AR47: : | AT47: : | AV47: : | AX47: : | AZ47: : | BB47: : | BD47: : | BF47: : | BH47: : | BJ47: : | BL47: : | BN47: : | BP47: : | BR47: : | BT47: : | BV47: : | BX47: : | BZ47: : | CB47: : | CD47: : | CF47: : | CH47: : | CJ47: : | CL47: : | CN47: : | CP47: : | CR47: : | CT47: : | CV47: : | CX47: : | CZ47: : | DB47: : | DD47: : | DF47: : | DH47: : | DJ47: : | DL47: : | DN47: : | DP47: : | DR47: : | DT47: : | DV47: : | DX47: : | DZ47: : | EB47: : | ED47: : | EF47: : | EH47: : | EJ47: : | EL47: : | EN47: : | EP47: : | ER47: : | ET47: : | EV47: : | EX47: : | EZ47: : | FB47: : | FD47: : | FF47: 540418.3 | FH47: 613785.2 | FJ47: 605124.3 | FL47: 629202.4 | FN47: 559330.8 | FP47: 612354.2 | FR47: 641622 | FT47: 705035.9 | FV47: 598216.6 | FX47: 645767.4 | FZ47: 725770.5 | GB47: 782997.2 | GD47: 668569.6 | GF47: 701772.8 | GH47: 734722.4 | GJ47: 799559.1 | GL47: 650627.7 | GN47: 551537 | GP47: 663575.6 | GR47: 736229.9 | GT47: 644106.6 | GV47: 691772.7 | GX47: 716608.5 | GZ47: 698534.4 | HB47: 656836.2 | HD47: 696222.8 | HF47: 746646 | HH47: 815565.9 | HJ47: 688875.3 | HL47: 746049 | HN47: 803172 | HP47: 861299.5 | HR47: 724770.4 | HT47: 784887.7 | HV47: 831413.5 | HX47: 885494.7 | HZ47: 748747.5 | IB47: 810644.1 | ID47: 863425 | IF47: 953745.1 | IH47: 782113.9 | IJ47: 873864.9 | IL47: 933797.5 | IN47: 1005376.3 | IP47: 827809.7 | IR47: 899866.4 | IT47: 948632.5 | IV47: 1010048 | IX47: 899503.3 | IZ47: 971922.9 | JB47: 1012698.4 | JD47: 1077645.4 | JF47: 960507.2 | JH47: 1039075.8 | JJ47: 1069074.4 | JL47: 1102184.4 | JN47: 935969.2 | JP47: 996878.4 | JR47: 1048057.8 | JT47: 1081376.9 | JV47: 956221.1 | JX47: 1016740.3 | JZ47: 1070262.5 | KB47: 1098354.3 | KD47: 976644.7 | KF47: 1024191.4 | KH47: 1063389.7 | KJ47: 1090347.4 | KL47: 956986.3 | KN47: 1037302.3 | KP47: 1062554.2 | KR47: 1102452.4 | KT47: 969030 | KV47: 1032161.9 | KX47: 1090605.1 | KZ47: 1104967 | LB47: 978089.2 | LD47: 1026119.8 | LF47: 1035690.8 | LH47: 1077997.5 | LJ47: 978956.9 | LL47: 1038135.8 | LN47: 1064652.6 | LP47: 1102642 | LR47: 1005724.5 | LT47: 1066404 | LV47: 1101160 | LX47: 1128950.4 | LZ47: 1034103 | MB47: 1091952.6 | MD47: 1129681.6 | MF47: 1160101.8 | MH47: 1091466.9 | MJ47: 1155372.8 | ML47: 1184065.5 | MN47: 1204971.8 | MP47: 1120105.7 | MR47: 1190707.5 | MT47: 1252251.7 | MV47: 1295807.3 | MX47: 1191597.4 | MZ47: 1110538.7 | NB47: 1239794.9 | ND47: 1292252.7 | NF47: 1215556 | NH47: 1270910.3 | NJ47: 1338509.3 | NL47: 1391055.7 | NN47: 1266660.2 | NO47: p | NP47: 1321899.6 | NQ47: p | NR47: 1349925.9 | NS47: p | NT47: 1408947.6 | NU47: p | NV47: 1306259.2 | NW47: p | NX47: 1376628 | NY47: p | NZ47: 1430700.3 | OA47: p | OB47: 1492425.9 | OC47: p | OD47: 1369783.4 | OE47: e | OF47: 1440692.4 | OG47: e | OH47: 1472930.6 | OI47: e | OJ47: 1539406.3 | OK47: e | OL47: 1394460.3 | OM47: e | ON47: 1466408.6 | OO47: e | OP47: :
A48: Türkiye | B48: : | D48: : | F48: : | H48: : | J48: : | L48: : | N48: : | P48: : | R48: : | T48: : | V48: : | X48: : | Z48: : | AB48: : | AD48: : | AF48: : | AH48: : | AJ48: : | AL48: : | AN48: : | AP48: : | AR48: : | AT48: : | AV48: : | AX48: : | AZ48: : | BB48: : | BD48: : | BF48: : | BH48: : | BJ48: : | BL48: : | BN48: : | BP48: : | BR48: : | BT48: : | BV48: : | BX48: : | BZ48: : | CB48: : | CD48: : | CF48: : | CH48: : | CJ48: : | CL48: : | CN48: : | CP48: : | CR48: : | CT48: : | CV48: : | CX48: : | CZ48: : | DB48: : | DD48: : | DF48: : | DH48: : | DJ48: : | DL48: : | DN48: : | DP48: : | DR48: : | DT48: : | DV48: : | DX48: : | DZ48: : | EB48: : | ED48: : | EF48: : | EH48: : | EJ48: : | EL48: : | EN48: : | EP48: : | ER48: : | ET48: : | EV48: : | EX48: : | EZ48: : | FB48: : | FD48: : | FF48: 356472.4 | FH48: 378261.1 | FJ48: 422025.3 | FL48: 377646.6 | FN48: 379914.1 | FP48: 402959 | FR48: 442381.1 | FT48: 402931.7 | FV48: 399726.3 | FX48: 432131.9 | FZ48: 472682.5 | GB48: 437271.6 | GD48: 432378.9 | GF48: 443773.7 | GH48: 488218.6 | GJ48: 431398.2 | GL48: 403673.8 | GN48: 431833.9 | GP48: 471402.8 | GR48: 436305.3 | GT48: 422154.6 | GV48: 462999 | GX48: 509307.5 | GZ48: 469191.6 | HB48: 435587.9 | HD48: 431858.8 | HF48: 469448.9 | HH48: 424524.3 | HJ48: 426612.4 | HL48: 462301.7 | HN48: 505321.2 | HP48: 479135.6 | HR48: 451019.5 | HT48: 476590.1 | HV48: 535003.1 | HX48: 516072.3 | HZ48: 490995.7 | IB48: 529668.8 | ID48: 581702.7 | IF48: 572259.2 | IH48: 534474.6 | IJ48: 566173.1 | IL48: 629844.6 | IN48: 635422.7 | IP48: 567343.5 | IR48: 624721.6 | IT48: 663787.1 | IV48: 676579.9 | IX48: 605277.8 | IZ48: 639196 | JB48: 692530.8 | JD48: 721627.4 | JF48: 646050.6 | JH48: 663231.2 | JJ48: 701598.8 | JL48: 676957.3 | JN48: 555744.1 | JP48: 623962.8 | JR48: 695445.9 | JT48: 692893 | JV48: 591390.8 | JX48: 663831.8 | JZ48: 747330.5 | KB48: 749622.4 | KD48: 661297.3 | KF48: 736453.7 | KH48: 831421.6 | KJ48: 835285.7 | KL48: 703634.9 | KN48: 783186.5 | KP48: 871864.9 | KR48: 863703.2 | KT48: 757651.8 | KV48: 853766.2 | KX48: 945099.9 | KZ48: 920745.2 | LB48: 826099.2 | LD48: 884045.6 | LF48: 980275.2 | LH48: 971647.8 | LJ48: 844954.4 | LL48: 935621.5 | LN48: 1032545.3 | LP48: 1042925.8 | LR48: 888213.2 | LT48: 984462.8 | LV48: 1022685.8 | LX48: 1087117.6 | LZ48: 942892.4 | MB48: 1040283.1 | MD48: 1152008.5 | MF48: 1178323.8 | MH48: 1020825.7 | MJ48: 1108516.2 | ML48: 1191441.5 | MN48: 1160574.4 | MP48: 1007116.4 | MR48: 1102844.8 | MT48: 1205628.3 | MV48: 1230075.3 | MX48: 1044394.5 | MZ48: 981058.1 | NB48: 1268901.1 | ND48: 1295265.8 | NF48: 1124795.8 | NH48: 1217443.3 | NJ48: 1395583.8 | NL48: 1446676.9 | NN48: 1227165.1 | NP48: 1320883.6 | NR48: 1454537.9 | NT48: 1492590 | NV48: 1269057 | NX48: 1364921.6 | NZ48: 1539720.9 | OB48: 1551156.6 | OD48: 1336270.4 | OF48: 1389076.3 | OH48: 1580735.6 | OJ48: 1587207.4 | OL48: 1363170.5 | ON48: 1459056.9 | OP48: :
A49: Kosovo* | B49: : | D49: : | F49: : | H49: : | J49: : | L49: : | N49: : | P49: : | R49: : | T49: : | V49: : | X49: : | Z49: : | AB49: : | AD49: : | AF49: : | AH49: : | AJ49: : | AL49: : | AN49: : | AP49: : | AR49: : | AT49: : | AV49: : | AX49: : | AZ49: : | BB49: : | BD49: : | BF49: : | BH49: : | BJ49: : | BL49: : | BN49: : | BP49: : | BR49: : | BT49: : | BV49: : | BX49: : | BZ49: : | CB49: : | CD49: : | CF49: : | CH49: : | CJ49: : | CL49: : | CN49: : | CP49: : | CR49: : | CT49: : | CV49: : | CX49: : | CZ49: : | DB49: : | DD49: : | DF49: : | DH49: : | DJ49: : | DL49: : | DN49: : | DP49: : | DR49: : | DT49: : | DV49: : | DX49: : | DZ49: : | EB49: : | ED49: : | EF49: : | EH49: : | EJ49: : | EL49: : | EN49: : | EP49: : | ER49: : | ET49: : | EV49: : | EX49: : | EZ49: : | FB49: : | FD49: : | FF49: : | FH49: : | FJ49: : | FL49: : | FN49: : | FP49: : | FR49: : | FT49: : | FV49: : | FX49: : | FZ49: : | GB49: : | GD49: : | GF49: : | GH49: : | GJ49: : | GL49: : | GN49: : | GP49: : | GR49: : | GT49: : | GV49: : | GX49: : | GZ49: : | HB49: : | HD49: : | HF49: : | HH49: : | HJ49: : | HL49: : | HN49: : | HP49: : | HR49: : | HT49: : | HV49: : | HX49: : | HZ49: : | IB49: : | ID49: : | IF49: : | IH49: : | IJ49: : | IL49: : | IN49: : | IP49: : | IR49: : | IT49: : | IV49: : | IX49: : | IZ49: : | JB49: : | JD49: : | JF49: : | JH49: : | JJ49: : | JL49: : | JN49: : | JP49: : | JR49: : | JT49: : | JV49: : | JX49: : | JZ49: : | KB49: : | KD49: : | KF49: : | KH49: : | KJ49: : | KL49: : | KN49: : | KP49: : | KR49: : | KT49: : | KV49: : | KX49: : | KZ49: : | LB49: : | LD49: : | LF49: : | LH49: : | LJ49: : | LL49: : | LN49: : | LP49: : | LR49: : | LT49: : | LV49: : | LX49: : | LZ49: : | MB49: : | MD49: : | MF49: : | MH49: : | MJ49: : | ML49: : | MN49: : | MP49: : | MR49: : | MT49: : | MV49: : | MX49: : | MZ49: : | NB49: : | ND49: : | NF49: : | NH49: : | NJ49: : | NL49: : | NN49: : | NO49: C | NP49: : | NQ49: C | NR49: : | NS49: C | NT49: : | NU49: C | NV49: : | NW49: C | NX49: : | NY49: C | NZ49: : | OA49: C | OB49: : | OC49: C | OD49: : | OE49: C | OF49: : | OG49: C | OH49: : | OI49: C | OJ49: : | OK49: C | OL49: : | OM49: C | ON49: : | OO49: C | OP49: :
A51: Special value
A52: : | B52: not available
A53: Observation flags:
A54: b | B54: break in time series
A55: e | B55: estimated
A56: p | B56: provisional
A57: Confidentiality flags:
A58: C | B58: confidential

Sheet GVA - ceny stałe 2015 i 2024
A1: daty | B1: gva | C1: ind. lancuchowy | E1: gva roczne | F1: ind. lancuchowy roczny | I1: gva ceny 2015 | P1: gva ceny 2024
A2: 1995.1 | B2: 30668.5
A3: 1995.2 | B3: 31323.8 | C3: =B3/B2 -> 1.0213672 | I3: =I4/C4 -> 31575.024 | P3: =P4/C4 -> 36895.929
A4: 1995.3 | B4: 34074.9 | C4: =B4/B3 -> 1.0878278 | I4: =I5/C5 -> 34348.189 | P4: =P5/C5 -> 40136.417
A5: 1995.4 | B5: 35140.6 | C5: =B5/B4 -> 1.0312752 | E5: =SUM(B2:B5) -> 131207.8 | I5: =I6/C6 -> 35422.436 | P5: =P6/C6 -> 41391.692
A6: 1996.1 | B6: 31186.6 | C6: =B6/B5 -> 0.88748058 | I6: =I7/C7 -> 31436.724 | P6: =P7/C7 -> 36734.323
A7: 1996.2 | B7: 31478.2 | C7: =B7/B6 -> 1.0093502 | I7: =I8/C8 -> 31730.663 | P7: =P8/C8 -> 37077.795
A8: 1996.3 | B8: 34390 | C8: =B8/B7 -> 1.0925021 | I8: =I9/C9 -> 34665.816 | P8: =P9/C9 -> 40507.569
A9: 1996.4 | B9: 35249.6 | C9: =B9/B8 -> 1.0249956 | E9: =SUM(B6:B9) -> 132304.4 | F9: =E9/E5 -> 1.0083577 | I9: =I10/C10 -> 35532.31 | K9: =SUM(I6:I9) -> 133365.51 | L9: =L13/F13 -> 133365.51 | M9: =K9-L9 -> 1.0186341e-09 | P9: =P10/C10 -> 41520.082 | R9: =SUM(P6:P9) -> 155839.77 | S9: =S13/F13 -> 155839.77 | T9: =R9-S9 -> 0
A10: 1997.1 | B10: 31740.1 | C10: =B10/B9 -> 0.90043859 | I10: =I11/C11 -> 31994.663 | P10: =P11/C11 -> 37386.284
A11: 1997.2 | B11: 32587.5 | C11: =B11/B10 -> 1.0266981 | I11: =I12/C12 -> 32848.859 | P11: =P12/C12 -> 38384.426
A12: 1997.3 | B12: 35723.2 | C12: =B12/B11 -> 1.096224 | I12: =I13/C13 -> 36009.708 | P12: =P13/C13 -> 42077.93
A13: 1997.4 | B13: 36625.2 | C13: =B13/B12 -> 1.0252497 | E13: =SUM(B10:B13) -> 136676 | F13: =E13/E9 -> 1.033042 | I13: =I14/C14 -> 36918.943 | K13: =SUM(I10:I13) -> 137772.17 | L13: =L17/F17 -> 137772.17 | M13: =K13-L13 -> 1.0768417e-09 | P13: =P14/C14 -> 43140.385 | R13: =SUM(P10:P13) -> 160989.02 | S13: =S17/F17 -> 160989.02 | T13: =R13-S13 -> 0
A14: 1998.1 | B14: 33791.3 | C14: =B14/B13 -> 0.92262431 | I14: =I15/C15 -> 34062.314 | P14: =P15/C15 -> 39802.368
A15: 1998.2 | B15: 34203.2 | C15: =B15/B14 -> 1.0121895 | I15: =I16/C16 -> 34477.518 | P15: =P16/C16 -> 40287.54
A16: 1998.3 | B16: 36864.2 | C16: =B16/B15 -> 1.0777997 | I16: =I17/C17 -> 37159.86 | P16: =P17/C17 -> 43421.9
A17: 1998.4 | B17: 37607.6 | C17: =B17/B16 -> 1.0201659 | E17: =SUM(B14:B17) -> 142466.3 | F17: =E17/E13 -> 1.0423652 | I17: =I18/C18 -> 37909.222 | K17: =SUM(I14:I17) -> 143608.91 | L17: =L21/F21 -> 143608.91 | M17: =K17-L17 -> 1.1641532e-09 | P17: =P18/C18 -> 44297.542 | R17: =SUM(P14:P17) -> 167809.35 | S17: =S21/F21 -> 167809.35 | T17: =R17-S17 -> 0
A18: 1999.1 | B18: 34057 | C18: =B18/B17 -> 0.90558823 | I18: =I19/C19 -> 34330.145 | P18: =P19/C19 -> 40115.333
A19: 1999.2 | B19: 34594.9 | C19: =B19/B18 -> 1.0157941 | I19: =I20/C20 -> 34872.359 | P19: =P20/C20 -> 40748.919
A20: 1999.3 | B20: 37315.2 | C20: =B20/B19 -> 1.078633 | I20: =I21/C21 -> 37614.477 | P20: =P21/C21 -> 43953.128
A21: 1999.4 | B21: 38542.4 | C21: =B21/B20 -> 1.0328874 | E21: =SUM(B18:B21) -> 144509.5 | F21: =E21/E17 -> 1.0143416 | I21: =I22/C22 -> 38851.519 | K21: =SUM(I18:I21) -> 145668.5 | L21: =L25/F25 -> 145668.5 | M21: =K21-L21 -> 1.193257e-09 | P21: =P22/C22 -> 45398.632 | R21: =SUM(P18:P21) -> 170216.01 | S21: =S25/F25 -> 170216.01 | T21: =R21-S21 -> 0
A22: 2000.1 | B22: 35292.6 | C22: =B22/B21 -> 0.91568247 | I22: =I23/C23 -> 35575.655 | P22: =P23/C23 -> 41570.731
A23: 2000.2 | B23: 36022.8 | C23: =B23/B22 -> 1.0206899 | I23: =I24/C24 -> 36311.711 | P23: =P24/C24 -> 42430.825
A24: 2000.3 | B24: 38977.7 | C24: =B24/B23 -> 1.0820286 | I24: =I25/C25 -> 39290.31 | P24: =P25/C25 -> 45911.366
A25: 2000.4 | B25: 39966.3 | C25: =B25/B24 -> 1.0253632 | E25: =SUM(B22:B25) -> 150259.4 | F25: =E25/E21 -> 1.0397891 | I25: =I26/C26 -> 40286.839 | K25: =SUM(I22:I25) -> 151464.52 | L25: =L29/F29 -> 151464.52 | M25: =K25-L25 -> 1.2223609e-09 | P25: =P26/C26 -> 47075.827 | R25: =SUM(P22:P25) -> 176988.75 | S25: =S29/F29 -> 176988.75 | T25: =R25-S25 -> 0
A26: 2001.1 | B26: 37338 | C26: =B26/B25 -> 0.93423709 | I26: =I27/C27 -> 37637.46 | P26: =P27/C27 -> 43979.983
A27: 2001.2 | B27: 37471.6 | C27: =B27/B26 -> 1.0035781 | I27: =I28/C28 -> 37772.131 | P27: =P28/C28 -> 44137.349
A28: 2001.3 | B28: 40399.8 | C28: =B28/B27 -> 1.0781445 | I28: =I29/C29 -> 40723.816 | P28: =P29/C29 -> 47586.441
A29: 2001.4 | B29: 40972.7 | C29: =B29/B28 -> 1.0141808 | E29: =SUM(B26:B29) -> 156182.1 | F29: =E29/E25 -> 1.0394165 | I29: =I30/C30 -> 41301.311 | K29: =SUM(I26:I29) -> 157434.72 | L29: =L33/F33 -> 157434.72 | M29: =K29-L29 -> 1.2514647e-09 | P29: =P30/C30 -> 48261.253 | R29: =SUM(P26:P29) -> 183965.03 | S29: =S33/F33 -> 183965.03 | T29: =R29-S29 -> 0
A30: 2002.1 | B30: 38452.5 | C30: =B30/B29 -> 0.93849075 | I30: =I31/C31 -> 38760.898 | P30: =P31/C31 -> 45292.74
A31: 2002.2 | B31: 40005.5 | C31: =B31/B30 -> 1.0403875 | I31: =I32/C32 -> 40326.354 | P31: =P32/C32 -> 47122
A32: 2002.3 | B32: 42360 | C32: =B32/B31 -> 1.0588544 | I32: =I33/C33 -> 42699.737 | P32: =P33/C33 -> 49895.337
A33: 2002.4 | B33: 42723.1 | C33: =B33/B32 -> 1.0085718 | E33: =SUM(B30:B33) -> 163541.1 | F33: =E33/E29 -> 1.0471181 | I33: =I34/C34 -> 43065.749 | K33: =SUM(I30:I33) -> 164852.74 | L33: =L37/F37 -> 164852.74 | M33: =K33-L33 -> 1.3096724e-09 | P33: =P34/C34 -> 50323.028 | R33: =SUM(P30:P33) -> 192633.1 | S33: =S37/F37 -> 192633.1 | T33: =R33-S33 -> 0
A34: 2003.1 | B34: 40886.5 | C34: =B34/B33 -> 0.95701155 | I34: =I35/C35 -> 41214.419 | P34: =P35/C35 -> 48159.719
A35: 2003.2 | B35: 42495 | C35: =B35/B34 -> 1.0393406 | I35: =I36/C36 -> 42835.82 | P35: =P36/C36 -> 50054.352
A36: 2003.3 | B36: 44691.1 | C36: =B36/B35 -> 1.051679 | I36: =I37/C37 -> 45049.533 | P36: =P37/C37 -> 52641.112
A37: 2003.4 | B37: 45534.8 | C37: =B37/B36 -> 1.0188785 | E37: =SUM(B34:B37) -> 173607.4 | F37: =E37/E33 -> 1.0615521 | I37: =I38/C38 -> 45900 | K37: =SUM(I34:I37) -> 174999.77 | L37: =L41/F41 -> 174999.77 | M37: =K37-L37 -> 1.3387762e-09 | P37: =P38/C38 -> 53634.896 | R37: =SUM(P34:P37) -> 204490.08 | S37: =S41/F41 -> 204490.08 | T37: =R37-S37 -> 0
A38: 2004.1 | B38: 44045.3 | C38: =B38/B37 -> 0.96728875 | I38: =I39/C39 -> 44398.554 | P38: =P39/C39 -> 51880.432
A39: 2004.2 | B39: 45026.4 | C39: =B39/B38 -> 1.0222748 | I39: =I40/C40 -> 45387.522 | P39: =P40/C40 -> 53036.058
A40: 2004.3 | B40: 47556.7 | C40: =B40/B39 -> 1.0561959 | I40: =I41/C41 -> 47938.116 | P40: =P41/C41 -> 56016.468
A41: 2004.4 | B41: 47738.3 | C41: =B41/B40 -> 1.0038186 | E41: =SUM(B38:B41) -> 184366.7 | F41: =E41/E37 -> 1.0619749 | I41: =I42/C42 -> 48121.172 | K41: =SUM(I38:I41) -> 185845.36 | L41: =L45/F45 -> 185845.36 | M41: =K41-L41 -> 1.4551915e-09 | P41: =P42/C42 -> 56230.372 | R41: =SUM(P38:P41) -> 217163.33 | S41: =S45/F45 -> 217163.33 | T41: =R41-S41 -> 0
A42: 2005.1 | B42: 44118.9 | C42: =B42/B41 -> 0.92418247 | I42: =I43/C43 -> 44472.744 | P42: =P43/C43 -> 51967.124
A43: 2005.2 | B43: 46003.4 | C43: =B43/B42 -> 1.0427141 | I43: =I44/C44 -> 46372.358 | P43: =P44/C44 -> 54186.854
A44: 2005.3 | B44: 47981.1 | C44: =B44/B43 -> 1.0429903 | I44: =I45/C45 -> 48365.92 | P44: =P45/C45 -> 56516.364
A45: 2005.4 | B45: 48230.4 | C45: =B45/B44 -> 1.0051958 | E45: =SUM(B42:B45) -> 186333.8 | F45: =E45/E41 -> 1.0106695 | I45: =I46/C46 -> 48617.219 | K45: =SUM(I42:I45) -> 187828.24 | L45: =L49/F49 -> 187828.24 | M45: =K45-L45 -> 1.5133992e-09 | P45: =P46/C46 -> 56810.011 | R45: =SUM(P42:P45) -> 219480.35 | S45: =S49/F49 -> 219480.35 | T45: =R45-S45 -> 0
A46: 2006.1 | B46: 46375.3 | C46: =B46/B45 -> 0.96153671 | I46: =I47/C47 -> 46747.241 | P46: =P47/C47 -> 54624.911
A47: 2006.2 | B47: 48562 | C47: =B47/B46 -> 1.0471523 | I47: =I48/C48 -> 48951.479 | P47: =P48/C48 -> 57200.599
A48: 2006.3 | B48: 49731 | C48: =B48/B47 -> 1.0240723 | I48: =I49/C49 -> 50129.854 | P48: =P49/C49 -> 58577.55
A49: 2006.4 | B49: 51437.7 | C49: =B49/B48 -> 1.0343186 | E49: =SUM(B46:B49) -> 196106 | F49: =E49/E45 -> 1.0524446 | I49: =I50/C50 -> 51850.242 | K49: =SUM(I46:I49) -> 197678.82 | L49: =L53/F53 -> 197678.82 | M49: =K49-L49 -> 1.6007107e-09 | P49: =P50/C50 -> 60587.851 | R49: =SUM(P46:P49) -> 230990.91 | S49: =S53/F53 -> 230990.91 | T49: =R49-S49 -> 0
A50: 2007.1 | B50: 47687.2 | C50: =B50/B49 -> 0.92708655 | I50: =I51/C51 -> 48069.663 | P50: =P51/C51 -> 56170.182
A51: 2007.2 | B51: 51361.4 | C51: =B51/B50 -> 1.0770479 | I51: =I52/C52 -> 51773.331 | P51: =P52/C52 -> 60497.978
A52: 2007.3 | B52: 51774.1 | C52: =B52/B51 -> 1.0080352 | I52: =I53/C53 -> 52189.34 | P52: =P53/C53 -> 60984.093
A53: 2007.4 | B53: 51085.5 | C53: =B53/B52 -> 0.98669991 | E53: =SUM(B50:B53) -> 201908.2 | F53: =E53/E49 -> 1.0295871 | I53: =I54/C54 -> 51495.218 | K53: =SUM(I50:I53) -> 203527.55 | L53: =L57/F57 -> 203527.55 | M53: =K53-L53 -> 1.6007107e-09 | P53: =P54/C54 -> 60172.999 | R53: =SUM(P50:P53) -> 237825.25 | S53: =S57/F57 -> 237825.25 | T53: =R53-S53 -> 0
A54: 2008.1 | B54: 48710.7 | C54: =B54/B53 -> 0.95351323 | I54: =I55/C55 -> 49101.371 | P54: =P55/C55 -> 57375.751
A55: 2008.2 | B55: 50768.8 | C55: =B55/B54 -> 1.0422515 | I55: =I56/C56 -> 51175.978 | P55: =P56/C56 -> 59799.962
A56: 2008.3 | B56: 51680 | C56: =B56/B55 -> 1.017948 | I56: =I57/C57 -> 52094.486 | P56: =P57/C57 -> 60873.254
A57: 2008.4 | B57: 51341.1 | C57: =B57/B56 -> 0.99344234 | E57: =SUM(B54:B57) -> 202500.6 | F57: =E57/E53 -> 1.002934 | I57: =I58/C58 -> 51752.868 | K57: =SUM(I54:I57) -> 204124.7 | L57: =L61/F61 -> 204124.7 | M57: =K57-L57 -> 1.6880222e-09 | P57: =P58/C58 -> 60474.067 | R57: =SUM(P54:P57) -> 238523.03 | S57: =S61/F61 -> 238523.03 | T57: =R57-S57 -> 0
A58: 2009.1 | B58: 46343 | C58: =B58/B57 -> 0.90264914 | I58: =I59/C59 -> 46714.682 | P58: =P59/C59 -> 54586.865
A59: 2009.2 | B59: 49147.9 | C59: =B59/B58 -> 1.0605248 | I59: =I60/C60 -> 49542.078 | P59: =P60/C60 -> 57890.723
A60: 2009.3 | B60: 50257 | C60: =B60/B59 -> 1.0225666 | I60: =I61/C61 -> 50660.073 | P60: =P61/C61 -> 59197.119
A61: 2009.4 | B61: 50099 | C61: =B61/B60 -> 0.99685616 | E61: =SUM(B58:B61) -> 195846.9 | F61: =E61/E57 -> 0.96714232 | I61: =I62/C62 -> 50500.806 | K61: =SUM(I58:I61) -> 197417.64 | L61: =L65/F65 -> 197417.64 | M61: =K61-L61 -> 1.6589183e-09 | P61: =P62/C62 -> 59011.013 | R61: =SUM(P58:P61) -> 230685.72 | S61: =S65/F65 -> 230685.72 | T61: =R61-S61 -> 0
A62: 2010.1 | B62: 45987 | C62: =B62/B61 -> 0.91792251 | I62: =I63/C63 -> 46355.827 | P62: =P63/C63 -> 54167.537
A63: 2010.2 | B63: 46645.2 | C63: =B63/B62 -> 1.0143127 | I63: =I64/C64 -> 47019.306 | P63: =P64/C64 -> 54942.823
A64: 2010.3 | B64: 45887.7 | C64: =B64/B63 -> 0.98376039 | I64: =I65/C65 -> 46255.73 | P64: =P65/C65 -> 54050.573
A65: 2010.4 | B65: 45902.3 | C65: =B65/B64 -> 1.0003182 | E65: =SUM(B62:B65) -> 184422.2 | F65: =E65/E61 -> 0.94166515 | I65: =I66/C66 -> 46270.447 | K65: =SUM(I62:I65) -> 185901.31 | L65: =L69/F69 -> 185901.31 | M65: =K65-L65 -> 1.5133992e-09 | P65: =P66/C66 -> 54067.77 | R65: =SUM(P62:P65) -> 217228.7 | S65: =S69/F69 -> 217228.7 | T65: =R65-S65 -> 0
A66: 2011.1 | B66: 41441.1 | C66: =B66/B65 -> 0.90281097 | I66: =I67/C67 -> 41773.467 | P66: =P67/C67 -> 48812.976
A67: 2011.2 | B67: 42933.2 | C67: =B67/B66 -> 1.0360053 | I67: =I68/C68 -> 43277.534 | P67: =P68/C68 -> 50570.503
A68: 2011.3 | B68: 42956.9 | C68: =B68/B67 -> 1.000552 | I68: =I69/C69 -> 43301.424 | P68: =P69/C69 -> 50598.418
A69: 2011.4 | B69: 40724 | C69: =B69/B68 -> 0.94801999 | E69: =SUM(B66:B69) -> 168055.2 | F69: =E69/E65 -> 0.91125255 | I69: =I70/C70 -> 41050.616 | K69: =SUM(I66:I69) -> 169403.04 | L69: =L73/F73 -> 169403.04 | M69: =K69-L69 -> 1.3969839e-09 | P69: =P70/C70 -> 47968.312 | R69: =SUM(P66:P69) -> 197950.21 | S69: =S73/F73 -> 197950.21 | T69: =R69-S69 -> 0
A70: 2012.1 | B70: 37798.8 | C70: =B70/B69 -> 0.92817012 | I70: =I71/C71 -> 38101.955 | P70: =P71/C71 -> 44522.754
A71: 2012.2 | B71: 39176.2 | C71: =B71/B70 -> 1.0364403 | I71: =I72/C72 -> 39490.402 | P71: =P72/C72 -> 46145.177
A72: 2012.3 | B72: 39852.2 | C72: =B72/B71 -> 1.0172554 | I72: =I73/C73 -> 40171.824 | P72: =P73/C73 -> 46941.429
A73: 2012.4 | B73: 39130.6 | C73: =B73/B72 -> 0.98189309 | E73: =SUM(B70:B73) -> 155957.8 | F73: =E73/E69 -> 0.92801532 | I73: =I74/C74 -> 39444.437 | K73: =SUM(I70:I73) -> 157208.62 | L73: =L77/F77 -> 157208.62 | M73: =K73-L73 -> 1.3096724e-09 | P73: =P74/C74 -> 46091.465 | R73: =SUM(P70:P73) -> 183700.83 | S73: =S77/F77 -> 183700.83 | T73: =R73-S73 -> 0
A74: 2013.1 | B74: 35742.9 | C74: =B74/B73 -> 0.91342581 | I74: =I75/C75 -> 36029.566 | P74: =P75/C75 -> 42101.134
A75: 2013.2 | B75: 38221.6 | C75: =B75/B74 -> 1.069348 | I75: =I76/C76 -> 38528.146 | P75: =P76/C76 -> 45020.765
A76: 2013.3 | B76: 39857.8 | C76: =B76/B75 -> 1.0428083 | I76: =I77/C77 -> 40177.469 | P76: =P77/C77 -> 46948.026
A77: 2013.4 | B77: 39538.8 | C77: =B77/B76 -> 0.99199655 | E77: =SUM(B74:B77) -> 153361.1 | F77: =E77/E73 -> 0.98334998 | I77: =I78/C78 -> 39855.911 | K77: =SUM(I74:I77) -> 154591.09 | L77: =L81/F81 -> 154591.09 | M77: =K77-L77 -> 1.2514647e-09 | P77: =P78/C78 -> 46572.279 | R77: =SUM(P74:P77) -> 180642.2 | S77: =S81/F81 -> 180642.2 | T77: =R77-S77 -> 0
A78: 2014.1 | B78: 36083.4 | C78: =B78/B77 -> 0.91260736 | I78: =I79/C79 -> 36372.797 | P78: =P79/C79 -> 42502.205
A79: 2014.2 | B79: 38333.8 | C79: =B79/B78 -> 1.0623666 | I79: =I80/C80 -> 38641.246 | P79: =P80/C80 -> 45152.924
A80: 2014.3 | B80: 39907.3 | C80: =B80/B79 -> 1.0410473 | I80: =I81/C81 -> 40227.366 | P80: =P81/C81 -> 47006.331
A81: 2014.4 | B81: 39213.7 | C81: =B81/B80 -> 0.98261972 | E81: =SUM(B78:B81) -> 153538.2 | F81: =E81/E77 -> 1.0011548 | I81: =I82/C82 -> 39528.203 | K81: =SUM(I78:I81) -> 154769.61 | L81: =L85/F85 -> 154769.61 | M81: =K81-L81 -> 1.2514647e-09 | P81: =P82/C82 -> 46189.348 | R81: =SUM(P78:P81) -> 180850.81 | S81: =S85/F85 -> 180850.81 | T81: =R81-S81 -> 0
A82: 2015.1 | B82: 36339 | C82: =B82/B81 -> 0.92669144 | I82: 36630.447 | P82: =P83/C83 -> 42803.273
A83: 2015.2 | B83: 38389.2 | C83: =B83/B82 -> 1.0564187 | I83: =I82*C83 -> 38697.09 | P83: =P84/C84 -> 45218.179
A84: 2015.3 | B84: 39213 | C84: =B84/B83 -> 1.0214592 | I84: =I83*C84 -> 39527.498 | P84: =P85/C85 -> 46188.523
A85: 2015.4 | B85: 39607.9 | C85: =B85/B84 -> 1.0100706 | E85: =SUM(B82:B85) -> 153549.1 | F85: =E85/E81 -> 1.000071 | I85: =I84*C85 -> 39925.565 | K85: =SUM(I82:I85) -> 154780.6 | L85: 154780.6 | M85: =K85-L85 -> 1.2514647e-09 | P85: =P86/C86 -> 46653.671 | R85: =SUM(P82:P85) -> 180863.65 | S85: =S89/F89 -> 180863.65 | T85: =R85-S85 -> 0
A86: 2016.1 | B86: 35827.8 | C86: =B86/B85 -> 0.90456197 | I86: =I85*C86 -> 36115.147 | P86: =P87/C87 -> 42201.137
A87: 2016.2 | B87: 38135.8 | C87: =B87/B86 -> 1.0644192 | I87: =I86*C87 -> 38441.658 | P87: =P88/C88 -> 44919.702
A88: 2016.3 | B88: 39840.2 | C88: =B88/B87 -> 1.0446929 | I88: =I87*C88 -> 40159.728 | P88: =P89/C89 -> 46927.295
A89: 2016.4 | B89: 39212.5 | C89: =B89/B88 -> 0.98424456 | E89: =SUM(B86:B89) -> 153016.3 | F89: =E89/E85 -> 0.9965301 | I89: =I88*C89 -> 39526.993 | K89: =SUM(I86:I89) -> 154243.53 | L89: =L85*F89 -> 154243.53 | M89: =K89-L89 -> 1.2223609e-09 | P89: =P90/C90 -> 46187.935 | R89: =SUM(P86:P89) -> 180236.07 | S89: =S93/F93 -> 180236.07 | T89: =R89-S89 -> 0
A90: 2017.1 | B90: 36461.2 | C90: =B90/B89 -> 0.92983615 | I90: =I89*C90 -> 36753.627 | P90: =P91/C91 -> 42947.211
A91: 2017.2 | B91: 38853.9 | C91: =B91/B90 -> 1.0656232 | I91: =I90*C91 -> 39165.517 | P91: =P92/C92 -> 45765.544
A92: 2017.3 | B92: 41710.2 | C92: =B92/B91 -> 1.0735139 | I92: =I91*C92 -> 42044.726 | P92: =P93/C93 -> 49129.945
A93: 2017.4 | B93: 39427.9 | C93: =B93/B92 -> 0.94528197 | E93: =SUM(B90:B93) -> 156453.2 | F93: =E93/E89 -> 1.022461 | I93: =I92*C93 -> 39744.121 | K93: =SUM(I90:I93) -> 157707.99 | L93: =L89*F93 -> 157707.99 | M93: =K93-L93 -> 1.2514647e-09 | P93: =P94/C94 -> 46441.652 | R93: =SUM(P90:P93) -> 184284.35 | S93: =S97/F97 -> 184284.35 | T93: =R93-S93 -> 0
A94: 2018.1 | B94: 36925.1 | C94: =B94/B93 -> 0.93652211 | I94: =I93*C94 -> 37221.248 | P94: =P95/C95 -> 43493.633
A95: 2018.2 | B95: 39815.3 | C95: =B95/B94 -> 1.078272 | I95: =I94*C95 -> 40134.628 | P95: =P96/C96 -> 46897.965
A96: 2018.3 | B96: 42186.3 | C96: =B96/B95 -> 1.05955 | I96: =I95*C96 -> 42524.644 | P96: =P97/C97 -> 49690.738
A97: 2018.4 | B97: 40226.9 | C97: =B97/B96 -> 0.95355364 | E97: =SUM(B94:B97) -> 159153.6 | F97: =E97/E93 -> 1.0172601 | I97: =I96*C97 -> 40549.529 | K97: =SUM(I94:I97) -> 160430.05 | L97: =L93*F97 -> 160430.05 | M97: =K97-L97 -> 1.2805685e-09 | P97: =P98/C98 -> 47382.784 | R97: =SUM(P94:P97) -> 187465.12 | S97: =S101/F101 -> 187465.12 | T97: =R97-S97 -> 0
A98: 2019.1 | B98: 37242.6 | C98: =B98/B97 -> 0.92581332 | I98: =I97*C98 -> 37541.294 | P98: =P99/C99 -> 43867.613
A99: 2019.2 | B99: 40725.7 | C99: =B99/B98 -> 1.0935246 | I99: =I98*C99 -> 41052.33 | P99: =P100/C100 -> 47970.315
A100: 2019.3 | B100: 43436.7 | C100: =B100/B99 -> 1.0665673 | I100: =I99*C100 -> 43785.073 | P100: =P101/C101 -> 51163.569
...

Sheet Analiza GVA - Grecja
A1: GRECJA
A2: Daty | B2: GVA | C2: Przyrost kwartalny | D2: Wahania losowe | H2: wskaźniki
A3: 2010.1 | B3: ='GVA - ceny stałe 2015 i 2024'!P62 -> 54167.537 | H3: surowe | I3: oczyszczone
A4: 2010.2 | B4: ='GVA - ceny stałe 2015 i 2024'!P63 -> 54942.823 | C4: =B4-B3 -> 775.2859 | D4: =C4-I5 -> -1879.8735 | G4: kw1 | H4: =AVERAGE(C7,C11,C15,C19,C23,C27,C31,C35,C39,,C43,C47,C51,C55,C59,B63) -> -3579.6646 | I4: =H4-$H$9 -> -3509.5297
A5: 2010.3 | B5: ='GVA - ceny stałe 2015 i 2024'!P64 -> 54050.573 | C5: =B5-B4 -> -892.25019 | D5: =C5-I6 -> -3505.5337 | G5: kw2 | H5: =AVERAGE(C4,C8,C12,C16,C20,C24,C28,C32,C36,C40,C44,C48,C52,C56,C60,C64) -> 2585.0245 | I5: =H5-$H$9 -> 2655.1594
A6: 2010.4 | B6: ='GVA - ceny stałe 2015 i 2024'!P65 -> 54067.77 | C6: =B6-B5 -> 17.197165 | D6: =C6-I7 -> 1776.1104 | G6: kw3 | H6: =AVERAGE(C9,C13,C17,C21,C25,C29,C33,C37,C41,,C45,C49,C53,C57,C61,C5) -> 2543.1486 | I6: =H6-$H$9 -> 2613.2835
A7: 2011.1 | B7: ='GVA - ceny stałe 2015 i 2024'!P66 -> 48812.976 | C7: =B7-B6 -> -5254.7941 | D7: =C7-I4 -> -1745.2644 | G7: kw4 | H7: =AVERAGE(C6,C10,C14,C18,C22,C26,C30,C34,C38,C42,C46,C50,C54,C58,C62) -> -1829.0481 | I7: =H7-$H$9 -> -1758.9132
A8: 2011.2 | B8: ='GVA - ceny stałe 2015 i 2024'!P67 -> 50570.503 | C8: =B8-B7 -> 1757.5267 | D8: =C8-I5 -> -897.63264
A9: 2011.3 | B9: ='GVA - ceny stałe 2015 i 2024'!P68 -> 50598.418 | C9: =B9-B8 -> 27.915946 | D9: =C9-I6 -> -2585.3675 | H9: =AVERAGE(H4:H7) -> -70.134889 | I9: =SUM(I4:I7) -> 0
A10: 2011.4 | B10: ='GVA - ceny stałe 2015 i 2024'!P69 -> 47968.312 | C10: =B10-B9 -> -2630.1062 | D10: =C10-I7 -> -871.19298
A11: 2012.1 | B11: ='GVA - ceny stałe 2015 i 2024'!P70 -> 44522.754 | C11: =B11-B10 -> -3445.5581 | D11: =C11-I4 -> 63.97159
A12: 2012.2 | B12: ='GVA - ceny stałe 2015 i 2024'!P71 -> 46145.177 | C12: =B12-B11 -> 1622.423 | D12: =C12-I5 -> -1032.7364
A13: 2012.3 | B13: ='GVA - ceny stałe 2015 i 2024'!P72 -> 46941.429 | C13: =B13-B12 -> 796.25231 | D13: =C13-I6 -> -1817.0312
A14: 2012.4 | B14: ='GVA - ceny stałe 2015 i 2024'!P73 -> 46091.465 | C14: =B14-B13 -> -849.96401 | D14: =C14-I7 -> 908.9492
A15: 2013.1 | B15: ='GVA - ceny stałe 2015 i 2024'!P74 -> 42101.134 | C15: =B15-B14 -> -3990.3313 | D15: =C15-I4 -> -480.80163
A16: 2013.2 | B16: ='GVA - ceny stałe 2015 i 2024'!P75 -> 45020.765 | C16: =B16-B15 -> 2919.6311 | D16: =C16-I5 -> 264.47169
A17: 2013.3 | B17: ='GVA - ceny stałe 2015 i 2024'!P76 -> 46948.026 | C17: =B17-B16 -> 1927.2604 | D17: =C17-I6 -> -686.02309
A18: 2013.4 | B18: ='GVA - ceny stałe 2015 i 2024'!P77 -> 46572.279 | C18: =B18-B17 -> -375.74628 | D18: =C18-I7 -> 1383.1669
A19: 2014.1 | B19: ='GVA - ceny stałe 2015 i 2024'!P78 -> 42502.205 | C19: =B19-B18 -> -4070.0743 | D19: =C19-I4 -> -560.54465
A20: 2014.2 | B20: ='GVA - ceny stałe 2015 i 2024'!P79 -> 45152.924 | C20: =B20-B19 -> 2650.7192 | D20: =C20-I5 -> -4.4401471
A21: 2014.3 | B21: ='GVA - ceny stałe 2015 i 2024'!P80 -> 47006.331 | C21: =B21-B20 -> 1853.4068 | D21: =C21-I6 -> -759.87667
A22: 2014.4 | B22: ='GVA - ceny stałe 2015 i 2024'!P81 -> 46189.348 | C22: =B22-B21 -> -816.98314 | D22: =C22-I7 -> 941.93007
A23: 2015.1 | B23: ='GVA - ceny stałe 2015 i 2024'!P82 -> 42803.273 | C23: =B23-B22 -> -3386.0747 | D23: =C23-I4 -> 123.45494
A24: 2015.2 | B24: ='GVA - ceny stałe 2015 i 2024'!P83 -> 45218.179 | C24: =B24-B23 -> 2414.906 | D24: =C24-I5 -> -240.25333
A25: 2015.3 | B25: ='GVA - ceny stałe 2015 i 2024'!P84 -> 46188.523 | C25: =B25-B24 -> 970.34416 | D25: =C25-I6 -> -1642.9393
A26: 2015.4 | B26: ='GVA - ceny stałe 2015 i 2024'!P85 -> 46653.671 | C26: =B26-B25 -> 465.14798 | D26: =C26-I7 -> 2224.0612
A27: 2016.1 | B27: ='GVA - ceny stałe 2015 i 2024'!P86 -> 42201.137 | C27: =B27-B26 -> -4452.5346 | D27: =C27-I4 -> -943.00489
A28: 2016.2 | B28: ='GVA - ceny stałe 2015 i 2024'!P87 -> 44919.702 | C28: =B28-B27 -> 2718.5656 | D28: =C28-I5 -> 63.406204
A29: 2016.3 | B29: ='GVA - ceny stałe 2015 i 2024'!P88 -> 46927.295 | C29: =B29-B28 -> 2007.5924 | D29: =C29-I6 -> -605.69113
A30: 2016.4 | B30: ='GVA - ceny stałe 2015 i 2024'!P89 -> 46187.935 | C30: =B30-B29 -> -739.36032 | D30: =C30-I7 -> 1019.5529
A31: 2017.1 | B31: ='GVA - ceny stałe 2015 i 2024'!P90 -> 42947.211 | C31: =B31-B30 -> -3240.7233 | D31: =C31-I4 -> 268.80632
A32: 2017.2 | B32: ='GVA - ceny stałe 2015 i 2024'!P91 -> 45765.544 | C32: =B32-B31 -> 2818.3327 | D32: =C32-I5 -> 163.17332
A33: 2017.3 | B33: ='GVA - ceny stałe 2015 i 2024'!P92 -> 49129.945 | C33: =B33-B32 -> 3364.4016 | D33: =C33-I6 -> 751.1181
A34: 2017.4 | B34: ='GVA - ceny stałe 2015 i 2024'!P93 -> 46441.652 | C34: =B34-B33 -> -2688.2939 | D34: =C34-I7 -> -929.38065
A35: 2018.1 | B35: ='GVA - ceny stałe 2015 i 2024'!P94 -> 43493.633 | C35: =B35-B34 -> -2948.0182 | D35: =C35-I4 -> 561.5115
A36: 2018.2 | B36: ='GVA - ceny stałe 2015 i 2024'!P95 -> 46897.965 | C36: =B36-B35 -> 3404.332 | D36: =C36-I5 -> 749.17262
A37: 2018.3 | B37: ='GVA - ceny stałe 2015 i 2024'!P96 -> 49690.738 | C37: =B37-B36 -> 2792.7725 | D37: =C37-I6 -> 179.48903
A38: 2018.4 | B38: ='GVA - ceny stałe 2015 i 2024'!P97 -> 47382.784 | C38: =B38-B37 -> -2307.9538 | D38: =C38-I7 -> -549.04061
A39: 2019.1 | B39: ='GVA - ceny stałe 2015 i 2024'!P98 -> 43867.613 | C39: =B39-B38 -> -3515.1713 | D39: =C39-I4 -> -5.6415929
A40: 2019.2 | B40: ='GVA - ceny stałe 2015 i 2024'!P99 -> 47970.315 | C40: =B40-B39 -> 4102.7018 | D40: =C40-I5 -> 1447.5424
A41: 2019.3 | B41: ='GVA - ceny stałe 2015 i 2024'!P100 -> 51163.569 | C41: =B41-B40 -> 3193.2545 | D41: =C41-I6 -> 579.97096
A42: 2019.4 | B42: ='GVA - ceny stałe 2015 i 2024'!P101 -> 47785.151 | C42: =B42-B41 -> -3378.4185 | D42: =C42-I7 -> -1619.5053
A43: 2020.1 | B43: ='GVA - ceny stałe 2015 i 2024'!P102 -> 42853.687 | C43: =B43-B42 -> -4931.4638 | D43: =C43-I4 -> -1421.9342
A44: 2020.2 | B44: ='GVA - ceny stałe 2015 i 2024'!P103 -> 40544.437 | C44: =B44-B43 -> -2309.2495 | D44: =C44-I5 -> -4964.4089
A45: 2020.3 | B45: ='GVA - ceny stałe 2015 i 2024'!P104 -> 45910.542 | C45: =B45-B44 -> 5366.1045 | D45: =C45-I6 -> 2752.821
A46: 2020.4 | B46: ='GVA - ceny stałe 2015 i 2024'!P105 -> 44119.21 | C46: =B46-B45 -> -1791.3321 | D46: =C46-I7 -> -32.418914
A47: 2021.1 | B47: ='GVA - ceny stałe 2015 i 2024'!P106 -> 42176.401 | C47: =B47-B46 -> -1942.8085 | D47: =C47-I4 -> 1566.7211
A48: 2021.2 | B48: ='GVA - ceny stałe 2015 i 2024'!P107 -> 45747.993 | C48: =B48-B47 -> 3571.5921 | D48: =C48-I5 -> 916.43272
A49: 2021.3 | B49: ='GVA - ceny stałe 2015 i 2024'!P108 -> 51321.406 | C49: =B49-B48 -> 5573.4128 | D49: =C49-I6 -> 2960.1293
A50: 2021.4 | B50: ='GVA - ceny stałe 2015 i 2024'!P109 -> 48273.267 | C50: =B50-B49 -> -3048.1387 | D50: =C50-I7 -> -1289.2254
A51: 2022.1 | B51: ='GVA - ceny stałe 2015 i 2024'!P110 -> 44808.039 | C51: =B51-B50 -> -3465.2288 | D51: =C51-I4 -> 44.30086
A52: 2022.2 | B52: ='GVA - ceny stałe 2015 i 2024'!P111 -> 48741.007 | C52: =B52-B51 -> 3932.9681 | D52: =C52-I5 -> 1277.8088
A53: 2022.3 | B53: ='GVA - ceny stałe 2015 i 2024'!P112 -> 53648.206 | C53: =B53-B52 -> 4907.1993 | D53: =C53-I6 -> 2293.9158
A54: 2022.4 | B54: ='GVA - ceny stałe 2015 i 2024'!P113 -> 50252.119 | C54: =B54-B53 -> -3396.0868 | D54: =C54-I7 -> -1637.1736
A55: 2023.1 | B55: ='GVA - ceny stałe 2015 i 2024'!P114 -> 46139.641 | C55: =B55-B54 -> -4112.4783 | D55: =C55-I4 -> -602.94861
A56: 2023.2 | B56: ='GVA - ceny stałe 2015 i 2024'!P115 -> 49919.484 | C56: =B56-B55 -> 3779.8427 | D56: =C56-I5 -> 1124.6833
A57: 2023.3 | B57: ='GVA - ceny stałe 2015 i 2024'!P116 -> 54355.528 | C57: =B57-B56 -> 4436.0441 | D57: =C57-I6 -> 1822.7606
A58: 2023.4 | B58: ='GVA - ceny stałe 2015 i 2024'!P117 -> 51381.596 | C58: =B58-B57 -> -2973.9317 | D58: =C58-I7 -> -1215.0185
A59: 2024.1 | B59: ='GVA - ceny stałe 2015 i 2024'!P118 -> 46441.887 | C59: =B59-B58 -> -4939.709 | D59: =C59-I4 -> -1430.1794
A60: 2024.2 | B60: ='GVA - ceny stałe 2015 i 2024'!P119 -> 51057.677 | C60: =B60-B59 -> 4615.7898 | D60: =C60-I5 -> 1960.6305
A61: 2024.3 | B61: ='GVA - ceny stałe 2015 i 2024'!P120 -> 55424.344 | C61: =B61-B60 -> 4366.6665 | D61: =C61-I6 -> 1753.383
A62: 2024.4 | B62: ='GVA - ceny stałe 2015 i 2024'!P121 -> 52502.592 | C62: =B62-B61 -> -2921.7513 | D62: =C62-I7 -> -1162.8381
